0,4,2,6,0,0,0,19,2,0,0,2,0,0,20,1,30,2,10,4,0,6,0,8,0,2,0,0,6,0,1,2,0,17,0,5,0,0,6,0,10,0,7,0,0,0,0,0,0,0,0,0,7,0,6,9,5,0,0,0,10,7,0,0,0,7,0,0,6,16,44,6,12,19,21,1,23,0,12,16,18,5,25,1,5,7,17,0,12,2,23,0,2,0,13,23,4,40
19,5,0,0,0,0,5,0,2,5,0,0,0,8,8,0,10,0,0,0,2,0,2,0,3,2,0,0,0,0,0,0,8,0,3,14,2,0,1,0,0,0,0,8,0,0,0,0,0,0,0,0,0,0,0,0,1,1,0,6,0,0,8,0,0,9,27,0,0,7,54,0,52,16,6,0,20,11,4,1,25,0,2,94,0,4,0,0,0,0,6,3,0,1,0,13,7,6
0,0,0,6,7,0,5,0,3,0,4,2,0,0,0,3,2,4,0,0,0,4,0,0,1,21,0,0,22,8,0,8,0,0,6,0,28,0,0,2,0,13,7,9,0,2,0,0,3,8,4,2,0,0,0,7,7,12,0,7,9,2,11,0,6,7,22,2,0,17,35,0,58,0,9,0,19,0,0,2,5,0,0,49,6,3,9,24,20,25,0,0,0,4,14,8,2,0
0,4,0,2,4,0,10,20,0,2,0,10,0,0,0,0,13,17,0,0,0,0,2,0,2,9,0,4,2,3,0,0,0,0,0,6,0,0,0,0,0,7,4,0,0,0,0,3,8,0,0,0,6,23,0,0,2,0,0,0,0,0,0,2,6,24,7,0,0,7,32,0,24,0,0,8,34,3,7,0,0,9,0,7,0,0,0,0,32,0,0,5,3,0,2,7,16,0
0,0,2,10,0,0,24,37,2,0,0,3,0,0,0,0,36,0,14,0,2,0,2,2,0,29,0,0,12,0,18,0,28,2,0,1,0,0,0,5,0,0,0,0,8,0,6,4,0,0,0,0,13,8,0,0,0,0,21,8,9,5,0,0,2,73,3,0,15,33,0,7,12,0,0,0,6,32,0,0,0,0,0,5,0,0,0,0,3,4,0,13,0,1,0,7,13,0
0,4,0,4,0,0,0,0,19,0,2,0,3,9,16,0,7,2,7,0,0,0,0,4,3,23,0,0,0,0,0,6,4,0,0,15,0,13,0,0,2,0,0,2,2,0,12,14,2,0,2,0,0,0,0,36,0,0,0,0,0,0,0,2,5,0,0,0,16,0,64,3,15,21,0,4,61,18,2,44,0,14,0,49,0,0,0,0,12,0,0,6,20,0,4,0,4,62
0,0,12,0,0,2,0,0,14,0,2,0,0,17,2,3,0,0,1,5,0,0,2,0,2,20,2,30,0,0,0,0,13,0,0,4,0,3,7,3,3,0,0,0,0,0,4,16,0,16,0,0,0,12,7,0,2,0,0,0,9,0,5,2,1,0,0,0,0,4,76,13,46,0,12,0,24,0,0,42,4,16,0,29,6,1,21,0,0,0,5,0,0,3,0,0,0,13
6,0,2,2,14,8,13,17,14,7,0,0,0,6,32,0,0,5,0,0,18,5,2,2,2,25,0,25,29,0,0,0,20,2,0,0,8,0,0,6,32,2,8,0,0,4,0,2,2,54,0,5,2,15,12,2,0,7,10,4,3,2,0,0,0,0,15,2,0,1,0,5,4,0,0,0,34,0,27,30,0,0,0,38,13,0,10,0,5,26,0,0,1,0,5,8,21,3
0,0,2,9,0,1,0,10,1,0,0,0,0,17,11,2,0,0,4,0,11,2,20,2,4,29,0,32,0,0,0,0,22,7,3,13,0,0,0,10,10,1,3,4,9,0,0,0,0,19,3,2,3,1,0,0,0,22,5,0,0,11,7,2,15,0,6,0,15,39,4,0,32,0,4,0,30,7,24,28,8,0,0,4,0,8,6,15,36,26,0,0,32,0,2,21,3,0
0,0,10,2,0,0,10,23,14,0,7,3,0,8,0,2,15,7,18,2,4,0,0,0,8,22,0,0,0,0,0,2,5,18,5,12,0,0,0,0,28,0,0,0,11,0,2,0,0,24,12,36,28,0,0,11,16,12,0,11,2,0,23,0,0,31,9,5,8,23,119,0,33,0,0,0,47,44,0,11,15,0,5,0,0,8,0,3,7,0,0,0,32,4,2,0,72,0
2,4,11,0,5,0,9,9,5,5,16,18,0,15,0,4,17,3,11,0,0,5,0,0,53,23,2,0,1,7,29,6,51,18,2,2,0,10,2,0,30,0,4,7,10,0,6,0,8,0,0,2,0,20,2,135,5,5,0,0,25,0,0,2,3,44,0,24,0,0,15,10,38,18,20,24,61,7,0,15,3,10,0,18,2,2,0,0,18,0,5,5,17,43,0,0,3,0
0,0,12,2,4,7,0,19,26,3,0,10,0,7,18,2,20,0,16,9,2,3,3,3,15,22,6,7,51,9,5,10,20,15,0,5,4,13,8,20,0,0,0,12,28,0,25,0,18,0,0,5,0,0,2,0,2,5,0,0,14,2,0,27,2,38,14,10,0,2,9,20,57,25,8,13,25,26,27,17,4,12,0,32,37,2,0,33,0,30,12,2,55,0,20,6,0,32
0,0,10,2,5,6,0,0,0,2,16,0,2,14,0,11,21,15,6,0,0,0,6,0,27,39,0,48,0,3,0,0,15,0,6,14,0,2,0,17,25,36,4,0,21,3,28,10,7,0,20,38,7,0,3,5,5,16,0,14,2,1,3,17,8,18,3,17,8,31,30,0,31,8,7,9,14,16,2,0,9,20,0,0,0,20,17,15,36,57,10,12,25,0,11,21,18,60
0,2,12,16,4,8,0,0,13,10,11,5,2,6,4,0,27,2,19,39,4,6,0,4,27,30,18,9,8,0,3,20,0,29,11,4,6,19,0,0,11,0,0,9,8,3,18,9,2,4,8,22,7,0,14,0,4,11,0,6,4,2,0,4,0,14,15,14,11,17,19,18,37,30,17,0,67,4,2,42,2,6,15,0,8,23,27,0,24,4,10,18,45,18,8,0,4,14
0,0,10,6,8,13,11,4,21,0,7,20,4,13,24,0,5,4,0,11,21,2,0,22,15,40,2,39,0,3,1,1,3,29,4,0,19,11,0,0,30,0,10,0,3,0,7,7,0,50,1,12,10,0,3,29,26,37,10,0,9,6,11,11,4,26,3,5,2,51,49,21,73,0,0,6,18,5,9,33,15,0,2,28,22,24,7,0,35,1,2,0,154,0,4,15,0,23
0,7,11,2,26,4,8,31,4,0,0,5,4,10,35,0,15,4,3,14,0,0,0,12,0,7,12,0,0,0,0,1,18,1,1,0,7,11,11,21,24,0,0,17,21,0,19,14,9,22,1,4,5,0,7,1,22,27,0,9,11,2,3,24,5,31,0,59,7,10,2,26,0,0,23,22,42,6,0,5,11,7,7,46,29,14,17,29,50,44,38,2,7,0,9,14,28,0
13,1,15,4,7,2,5,8,22,0,0,16,22,17,0,8,52,2,17,37,0,12,1,0,23,48,1,3,0,2,0,4,4,32,1,0,10,7,8,6,13,0,13,0,28,8,25,18,6,9,4,13,0,0,3,0,2,10,0,0,8,3,14,0,6,18,3,3,19,4,0,18,8,9,21,15,39,0,0,55,8,31,32,61,1,35,8,0,3,32,20,7,0,0,0,2,30,0
0,13,14,18,7,6,8,19,0,3,1,1,21,0,9,2,45,0,4,0,2,2,16,0,35,45,13,0,46,11,0,1,2,22,11,5,5,10,0,23,39,0,7,0,4,0,21,9,6,35,4,26,21,0,0,13,10,14,5,0,14,11,4,20,0,5,3,9,9,0,63,20,39,32,13,2,59,0,2,2,2,0,4,39,7,41,3,5,87,1,14,2,6,0,16,0,5,22
0,0,9,6,37,2,32,0,14,4,5,0,7,0,9,0,16,0,10,17,0,0,9,16,2,45,16,2,0,2,1,2,0,0,12,0,8,5,0,0,23,0,0,10,7,5,1,14,15,12,1,15,0,0,0,15,25,4,4,6,0,0,7,4,2,64,6,0,0,11,58,62,14,92,14,0,21,0,3,12,9,0,0,3,28,15,0,0,30,69,15,0,0,0,6,29,32,32
0,8,18,1,0,0,23,0,15,2,13,3,4,0,3,0,21,2,6,40,0,0,5,4,0,22,1,0,0,0,1,1,0,0,12,0,8,12,0,0,31,0,7,0,2,0,10,7,2,4,20,0,0,6,6,7,0,0,0,14,0,8,1,6,8,11,1,10,0,59,40,7,6,2,1,0,42,0,4,3,23,0,0,16,9,75,0,0,141,0,14,18,0,12,18,5,13,2
0,0,5,11,0,6,33,0,5,0,2,5,14,0,26,0,4,2,2,12,2,0,0,0,0,50,4,0,0,0,0,3,0,0,0,0,0,4,0,5,81,4,0,0,0,0,13,0,2,18,0,0,0,0,0,0,17,0,0,3,2,0,0,2,2,0,5,4,2,14,53,0,6,14,15,0,8,0,29,37,0,0,0,45,13,5,0,0,32,0,0,0,2,0,0,0,21,0
0,0,0,2,0,0,0,0,7,6,15,0,8,0,20,6,14,2,0,9,9,0,2,6,2,11,3,0,0,0,0,4,0,21,0,0,0,13,0,9,44,0,0,0,0,0,11,2,0,28,0,0,15,0,0,0,1,0,0,8,0,11,34,0,4,9,11,2,17,29,1,0,19,3,7,50,46,0,13,7,8,0,0,11,0,37,5,14,35,0,0,5,0,0,0,2,4,0
0,6,0,4,0,0,2,0,0,2,6,0,0,7,41,11,6,0,11,23,0,0,0,0,0,32,0,0,0,14,0,5,0,0,0,2,0,0,0,3,40,0,3,0,0,0,21,0,0,56,0,0,0,0,0,0,15,0,0,0,10,0,0,0,2,0,4,0,7,0,0,0,35,2,8,0,20,0,16,74,3,0,0,24,3,34,12,0,6,11,0,0,0,0,14,0,28,0
0,0,2,2,0,0,0,0,14,1,2,0,0,14,0,0,17,0,12,25,0,0,0,3,0,38,0,0,0,11,0,2,0,0,0,0,0,0,0,2,6,19,0,0,0,0,26,18,14,11,0,0,9,0,0,0,0,20,0,11,0,0,2,0,1,0,0,0,0,29,28,0,0,0,3,0,9,0,7,39,12,0,24,24,0,18,1,0,5,1,0,0,0,0,10,2,4,0
0,0,0,0,0,0,29,0,0,1,0,0,4,7,0,0,2,2,2,2,0,0,2,0,0,18,0,0,41,0,7,1,0,0,0,0,0,0,3,0,25,6,0,0,0,0,2,53,8,4,0,2,5,0,0,23,27,46,4,0,2,10,20,2,0,0,0,2,0,12,37,0,0,0,0,0,27,0,2,0,17,0,1,0,0,27,0,0,0,0,0,3,0,13,2,19,4,8
0,0,0,6,3,0,10,0,3,2,0,6,0,0,0,3,10,0,0,0,0,3,0,0,0,34,0,35,1,4,0,0,0,0,0,1,0,0,0,0,0,5,0,2,0,0,0,21,8,0,5,0,0,0,0,0,42,1,0,0,2,19,0,2,0,0,12,0,7,23,6,0,28,0,0,0,47,2,9,0,0,0,0,13,0,72,0,19,0,0,0,0,6,0,6,0,5,14
0,0,0,4,4,0,5,0,0,0,0,0,0,0,12,0,17,0,0,0,0,2,2,0,0,23,0,0,0,0,0,0,3,0,0,0,10,0,0,0,0,0,8,0,5,0,47,5,11,3,0,0,0,0,0,0,6,0,0,0,1,3,0,0,2,0,0,0,12,17,24,10,40,8,21,0,59,40,2,0,0,1,0,13,0,0,0,0,0,43,0,0,0,0,7,0,0,0
0,11,4,0,3,1,48,5,0,3,0,0,0,0,25,0,12,0,0,0,0,0,0,0,0,0,0,0,5,0,0,0,29,0,0,28,11,0,2,0,5,0,0,0,3,0,5,0,5,44,0,0,4,0,3,0,0,2,0,10,19,17,24,0,0,9,5,10,0,15,73,5,25,17,4,0,11,0,8,8,0,9,0,0,0,0,2,0,0,22,0,0,0,4,0,13,3,1
0,7,15,0,0,0,4,2,0,0,0,2,0,0,0,0,9,0,18,3,0,0,0,0,0,0,0,0,9,0,0,16,2,0,0,0,0,10,0,6,34,0,2,9,0,0,0,0,6,56,0,0,5,8,2,23,0,8,0,2,13,0,1,0,0,15,20,22,0,0,80,0,25,19,0,0,23,0,6,27,0,0,0,0,0,0,13,0,0,0,0,18,12,2,0,26,46,0
0,5,0,0,0,0,0,9,0,3,3,0,0,18,11,0,3,0,23,0,2,2,6,4,0,3,0,0,16,0,0,6,2,0,0,0,0,4,0,5,4,10,22,23,0,2,0,0,10,28,5,4,9,0,0,27,0,25,0,11,0,2,0,2,10,7,12,0,0,0,47,0,35,0,27,12,13,30,4,9,0,0,0,2,0,23,0,5,7,0,0,0,0,0,1,9,0,15
0,5,0,10,1,0,10,17,0,2,0,0,0,33,12,2,14,0,0,13,0,0,2,0,0,33,0,75,13,0,0,0,5,3,0,22,0,3,0,0,13,2,0,9,0,0,4,1,4,0,0,0,0,0,0,14,2,34,9,8,14,4,0,0,19,0,0,18,2,36,8,0,92,0,0,0,0,2,6,34,0,0,0,16,0,16,0,0,46,57,0,0,0,0,5,15,6,21
0,3,0,4,15,0,30,15,0,2,1,0,0,2,0,0,4,0,0,1,0,0,5,0,2,35,0,11,18,6,15,0,0,0,6,14,0,0,2,0,11,0,0,0,0,0,11,0,3,0,0,0,4,0,11,0,2,12,0,2,12,5,0,13,9,0,9,18,23,26,42,35,7,0,3,0,37,0,3,21,12,42,0,50,0,0,0,0,44,46,27,0,57,27,6,9,1,47
0,0,0,0,18,0,0,13,6,2,8,28,0,0,0,3,10,50,6,1,0,14,7,0,2,46,0,0,0,4,0,3,0,0,0,9,9,0,0,0,3,0,0,0,19,0,16,30,2,0,0,31,6,39,1,1,33,0,0,0,3,1,8,0,4,0,2,1,19,14,30,5,31,0,20,0,39,0,12,20,5,44,0,0,0,0,0,38,9,8,17,0,44,10,25,4,50,4
0,9,7,0,3,3,8,17,4,0,0,19,2,11,5,3,17,0,15,0,0,5,0,0,48,21,0,0,0,0,0,1,2,0,0,0,0,5,7,3,3,1,0,0,25,3,6,16,0,5,5,13,3,0,0,57,0,0,0,0,16,5,0,4,7,0,22,0,6,53,0,0,0,11,11,0,27,21,8,4,0,4,0,14,0,0,0,0,57,0,13,14,56,7,1,47,21,47
6,0,8,9,10,0,12,6,0,8,0,15,2,12,0,4,22,0,2,0,2,2,0,0,15,30,0,30,0,0,0,3,0,0,2,0,0,0,7,13,0,2,8,4,0,0,5,28,0,37,2,0,21,0,0,5,8,0,0,21,3,8,23,2,23,0,4,0,0,11,0,0,35,25,0,0,18,36,7,17,7,33,0,13,0,33,13,0,0,0,22,11,1,0,23,22,0,28
0,1,17,6,4,0,4,0,0,4,0,0,5,6,12,0,0,2,0,7,0,0,4,0,0,48,4,35,0,0,15,1,4,19,0,9,4,0,10,0,0,0,0,16,15,0,13,1,13,17,0,43,0,23,0,0,8,24,0,0,20,3,0,0,8,28,7,23,6,2,39,0,47,25,6,9,0,31,0,23,22,7,0,58,0,4,26,18,0,0,7,0,0,0,2,2,20,89
0,2,6,10,0,6,21,0,0,0,6,1,1,0,0,0,7,26,0,10,0,0,0,0,0,41,0,0,7,13,0,3,0,25,0,0,9,0,0,0,29,0,21,8,15,1,5,0,13,32,2,27,0,0,0,2,0,26,0,0,3,0,7,0,6,69,0,0,9,15,46,0,75,33,4,9,81,0,56,1,0,0,0,17,11,9,3,0,0,32,4,0,6,2,4,0,0,29
23,0,0,4,15,1,11,0,0,2,1,0,2,0,23,3,0,2,16,10,0,0,2,2,2,37,0,0,18,12,0,2,0,22,4,1,13,0,0,0,10,20,2,4,3,0,5,0,0,0,4,0,0,2,0,0,0,0,15,0,6,15,8,0,26,48,10,12,0,44,81,0,20,0,65,0,21,0,7,47,4,0,0,15,30,21,0,0,5,32,0,2,52,41,11,0,21,0
9,0,0,0,4,4,6,0,0,1,3,7,3,0,0,0,12,0,0,89,0,0,1,1,0,11,0,0,21,8,0,0,0,8,17,4,6,0,0,0,0,2,0,0,0,0,1,11,9,0,0,0,15,0,5,0,5,0,0,0,0,3,0,18,5,11,11,10,2,4,39,20,35,0,12,0,41,0,17,7,11,0,0,38,3,0,21,15,2,0,0,13,7,1,10,4,11,46
0,2,10,4,0,0,15,0,0,5,0,0,2,23,16,3,9,2,10,1,0,0,11,0,0,37,4,9,6,0,0,6,0,0,3,12,0,0,0,8,4,7,0,2,0,0,2,25,0,85,0,0,43,0,4,5,3,0,0,3,3,42,0,0,21,1,0,0,0,0,59,11,7,0,4,0,30,0,0,0,8,20,2,27,0,14,17,19,2,6,0,2,4,2,10,0,0,47
0,17,9,1,0,0,0,22,2,17,9,0,0,11,5,2,0,0,13,2,0,0,0,0,0,23,0,22,7,0,0,2,3,0,0,20,0,0,2,9,0,12,12,2,4,0,14,25,0,32,6,0,0,0,0,13,4,5,2,6,0,0,23,5,16,0,7,5,2,0,22,0,26,6,13,0,0,2,2,0,9,9,0,26,10,0,12,0,37,0,3,0,14,0,20,0,26,68
9,2,0,7,0,0,0,12,2,1,0,0,0,1,0,0,0,2,11,22,0,0,0,2,2,2,0,0,7,0,0,4,0,0,0,3,2,0,0,12,0,2,0,3,6,3,0,0,0,5,5,0,10,3,0,23,0,12,0,12,1,36,0,3,2,0,34,5,19,25,4,0,22,49,8,13,25,81,14,0,11,0,0,49,0,0,8,0,2,0,26,0,0,27,0,0,30,0
0,0,0,6,0,4,9,33,0,2,2,5,0,0,7,0,0,0,3,2,2,0,0,0,0,0,0,0,6,0,0,1,0,0,7,0,5,0,11,3,0,0,0,3,0,0,0,0,15,33,0,60,25,4,0,0,0,13,0,0,22,1,3,0,24,11,0,0,0,45,0,0,11,14,0,0,37,0,15,1,8,13,3,11,3,4,2,0,35,9,12,0,0,1,4,19,8,0
0,12,0,8,7,0,0,4,3,0,0,0,0,0,16,0,0,0,0,0,0,4,1,3,2,0,0,0,0,0,9,8,0,0,13,10,12,15,11,3,3,11,0,12,6,0,0,0,18,61,0,5,0,0,8,0,0,7,0,0,0,1,0,0,0,18,4,0,0,57,41,0,143,0,13,0,36,0,54,2,0,9,0,15,3,0,0,9,0,0,6,0,0,0,7,11,0,0
0,0,15,0,17,0,2,38,4,0,2,0,5,0,15,0,15,3,0,0,0,0,0,8,2,0,0,0,9,11,26,0,3,0,0,8,5,0,0,0,3,0,5,0,0,0,6,8,23,37,6,0,12,8,0,0,5,0,0,16,19,7,2,0,3,44,10,31,0,54,5,14,0,0,32,3,44,0,16,0,5,0,0,21,0,0,9,13,11,28,0,20,6,4,0,14,0,0
0,2,4,24,0,3,0,13,15,6,0,0,0,6,21,0,16,8,0,8,0,0,1,2,2,15,0,17,0,0,0,2,0,2,0,0,6,0,0,0,66,0,0,14,0,0,12,24,5,25,2,0,13,0,0,0,28,17,0,4,12,0,0,0,21,97,13,1,24,13,20,0,39,2,10,4,44,25,6,2,12,0,0,29,0,5,16,16,10,44,0,12,0,31,11,0,37,3
0,0,3,9,0,0,18,18,12,3,5,16,0,24,3,0,0,1,14,0,2,0,0,0,0,15,0,1,0,0,0,0,0,0,0,0,0,0,0,24,31,31,0,0,17,0,2,3,12,4,0,34,3,11,29,0,17,19,7,0,0,3,45,0,19,16,0,9,6,2,42,0,23,0,0,0,15,36,13,12,11,0,0,14,0,0,25,2,43,0,0,0,0,0,2,0,11,54
0,0,2,0,11,0,31,0,0,6,3,23,0,13,0,9,6,3,5,0,0,9,3,0,2,35,4,0,11,0,0,1,0,0,6,29,0,17,0,4,21,13,10,0,4,2,0,0,20,21,2,7,0,0,13,11,10,0,0,0,3,28,17,10,24,0,4,0,0,38,13,0,66,0,0,0,0,10,15,37,55,0,0,0,0,0,4,21,58,0,0,0,65,0,8,69,0,74
0,13,0,11,11,0,0,0,6,8,4,17,0,0,0,0,5,0,0,0,0,1,0,0,2,46,0,0,4,0,0,2,3,3,29,10,0,15,2,2,45,0,2,9,0,0,0,0,14,49,17,19,0,0,0,0,0,10,0,12,7,6,13,0,2,0,1,0,0,63,0,20,45,49,36,0,0,0,0,28,0,0,0,0,18,0,1,0,0,2,0,11,0,0,4,0,0,0
0,0,0,6,0,0,0,0,0,0,0,0,0,0,16,0,2,0,0,0,2,0,0,4,2,36,0,0,10,0,0,5,0,17,6,5,0,6,0,0,35,0,0,0,0,0,3,0,0,15,0,24,0,0,0,18,0,6,0,0,23,0,4,0,10,0,0,9,21,27,48,10,57,51,27,0,85,0,31,8,8,18,0,0,5,5,0,0,0,1,0,13,10,5,1,0,12,1
0,0,12,4,0,1,7,5,6,0,2,0,0,0,6,7,0,6,0,1,2,2,2,1,2,43,2,64,0,0,0,4,67,20,8,13,4,0,0,0,16,7,0,0,0,0,12,0,0,0,0,1,3,0,39,0,0,0,8,8,4,2,0,0,21,18,0,47,8,86,86,15,15,15,5,9,30,45,0,15,6,29,0,13,0,0,0,0,0,60,22,0,22,35,1,0,3,0
0,4,19,12,0,3,0,17,22,5,2,0,0,0,7,0,0,0,2,24,0,7,0,6,2,29,0,21,0,7,0,1,60,25,0,7,6,0,7,11,6,15,0,1,14,5,7,0,0,0,0,0,7,2,15,13,0,0,4,0,4,3,40,27,13,22,2,2,15,2,23,12,21,63,2,8,45,52,8,14,17,11,2,77,14,0,0,2,32,16,20,0,0,23,0,13,32,37
0,5,12,4,0,0,28,34,7,2,6,0,0,26,7,0,0,5,7,16,0,10,11,5,62,45,0,0,2,0,11,0,4,0,0,0,20,2,16,0,0,8,22,0,12,0,36,32,0,21,7,0,31,0,37,37,22,0,0,0,0,1,21,5,0,28,4,0,24,24,2,0,32,4,0,3,53,48,19,15,0,11,0,49,0,10,0,11,6,24,15,2,0,4,3,0,43,36
0,6,2,4,15,0,9,20,0,2,7,27,0,11,25,1,10,0,11,0,0,0,0,2,31,38,0,0,0,0,16,5,0,0,3,0,1,0,11,12,0,0,0,4,0,4,0,13,0,46,0,2,32,13,0,0,0,26,0,25,12,3,6,0,0,45,32,8,0,101,32,0,0,0,23,0,23,43,0,21,6,27,0,0,0,0,0,39,24,0,25,0,27,0,3,0,1,29
0,3,13,7,5,6,0,0,38,0,16,31,0,14,0,10,28,20,7,0,17,6,2,5,0,43,2,45,27,0,0,0,6,11,0,8,0,10,2,0,0,9,0,16,3,0,0,30,11,5,0,0,24,4,0,0,0,24,0,0,0,20,3,0,5,23,7,17,0,18,55,0,43,0,11,0,10,46,0,19,2,13,0,22,0,0,31,0,11,5,16,0,19,0,12,0,42,53
0,5,13,8,0,3,0,1,11,11,2,14,0,28,14,2,13,0,6,0,2,2,0,0,22,45,0,0,0,0,0,4,36,16,2,0,5,13,0,10,30,13,0,0,26,0,0,13,28,0,2,47,0,5,0,0,11,18,0,0,3,2,0,2,0,43,0,1,0,3,65,11,9,14,0,0,29,2,21,43,41,13,0,37,30,60,29,34,3,0,2,12,60,0,7,17,2,52
0,7,14,5,0,0,8,27,0,0,0,0,0,15,4,0,7,0,10,0,0,2,1,4,44,31,9,9,0,7,2,1,3,22,14,0,39,18,1,16,15,0,15,4,0,2,9,10,22,0,22,28,35,5,2,12,0,0,5,0,2,5,15,8,31,34,25,0,0,14,11,23,47,22,0,0,49,31,0,8,0,20,0,20,0,24,20,0,0,7,22,21,90,1,24,30,22,35
0,3,11,0,17,5,0,20,21,2,1,12,2,12,25,0,0,0,9,0,0,0,6,0,0,47,11,68,5,6,15,3,47,2,0,16,5,0,9,0,3,0,8,7,0,0,20,6,2,7,0,2,36,0,35,6,10,23,0,22,17,1,9,6,1,6,0,7,24,48,47,31,45,0,4,4,59,44,0,31,19,28,12,66,0,2,3,8,30,0,9,5,45,2,0,0,32,35
6,1,7,8,9,12,4,14,3,2,14,23,1,12,17,0,6,2,17,0,0,5,0,0,5,50,7,4,7,18,0,2,62,2,9,0,0,0,17,12,69,17,0,27,10,0,4,27,14,43,0,0,0,10,1,32,23,32,9,0,15,3,0,0,1,31,0,15,21,29,55,12,17,25,0,3,41,41,6,22,21,44,0,58,8,17,0,9,21,0,11,0,32,2,13,0,28,9
0,6,20,2,0,8,0,15,14,17,6,24,0,11,14,4,21,14,13,0,2,10,10,8,10,40,22,7,0,0,28,2,55,7,10,0,7,14,0,0,31,16,6,12,11,0,4,0,20,32,19,31,11,2,0,40,0,38,0,11,24,1,0,8,20,42,9,0,0,49,10,0,18,48,21,23,24,11,5,44,62,20,0,12,0,32,0,0,59,104,2,2,132,16,16,0,26,0
15,4,6,5,19,0,0,16,5,4,2,21,3,0,20,6,7,25,27,23,7,2,0,3,62,55,22,54,27,0,2,2,26,0,2,9,4,16,0,8,16,0,7,5,11,2,6,0,15,19,30,30,26,19,16,0,6,41,7,0,6,4,2,0,6,36,22,0,2,24,0,7,95,30,50,0,5,43,3,60,7,22,12,40,24,4,0,0,14,36,16,5,45,1,7,49,19,7
2,0,17,6,6,0,7,11,6,2,0,5,8,13,18,0,12,0,2,0,2,0,9,2,27,43,8,0,25,7,0,0,1,69,2,0,8,4,5,7,39,0,0,15,31,2,47,26,3,24,14,3,10,17,16,0,6,28,0,31,15,5,29,12,15,22,12,11,13,82,14,28,22,14,3,0,39,4,3,36,27,21,0,35,27,2,14,29,11,31,21,10,65,0,36,15,45,0
1,0,11,19,0,13,0,6,11,2,5,14,10,16,8,0,8,0,0,29,0,3,5,0,45,49,21,4,10,7,4,5,0,54,1,8,13,8,7,10,24,3,20,28,13,0,4,14,4,33,16,24,6,0,9,31,7,20,0,0,20,12,3,0,5,0,0,12,17,0,64,12,30,3,20,22,29,3,2,21,19,33,0,81,0,28,21,32,19,51,22,0,21,9,8,0,5,16
10,8,13,4,14,1,14,17,4,2,5,16,0,23,27,12,15,0,7,33,0,0,10,8,20,43,2,3,1,0,11,2,0,25,30,2,6,11,6,0,27,1,2,7,7,2,12,17,0,23,19,23,11,6,0,32,30,13,14,0,2,11,11,21,0,16,17,23,11,54,36,31,35,5,19,20,19,10,3,27,8,25,3,17,14,34,14,39,64,3,14,16,20,37,20,0,33,68
2,1,12,2,9,12,0,12,20,2,8,3,22,14,10,13,28,4,5,6,0,8,0,3,0,37,17,0,0,0,8,6,6,11,5,1,3,10,2,11,40,19,0,15,0,4,24,32,0,22,12,4,28,0,0,6,8,17,0,35,2,0,12,15,0,13,28,6,2,26,7,8,41,0,38,16,33,12,13,14,0,7,0,9,13,22,20,0,28,32,16,5,3,7,19,0,63,38
0,0,8,3,2,10,0,0,0,0,5,0,14,19,28,15,12,15,0,18,5,0,17,3,3,44,11,0,0,2,10,3,0,0,2,3,11,36,0,6,39,7,6,6,17,0,14,19,0,66,0,0,33,0,29,21,16,43,0,0,5,0,6,0,36,39,3,0,0,47,55,4,31,18,0,0,43,0,14,10,2,4,0,40,42,35,1,0,44,2,43,18,7,1,1,1,35,0
16,0,7,7,12,0,0,0,17,72,0,2,16,4,17,0,33,0,0,31,7,0,5,2,8,15,2,49,0,5,0,8,0,10,10,12,3,2,0,23,26,4,2,0,8,0,14,28,19,6,0,6,1,0,0,0,0,7,4,2,5,15,5,13,3,41,0,21,0,0,120,15,6,29,11,0,45,0,0,8,0,11,6,14,66,13,0,25,5,55,30,2,2,1,6,54,20,0
1,0,2,4,14,8,13,0,5,6,8,16,0,0,11,0,13,6,0,16,0,3,2,1,32,45,2,17,0,0,0,15,4,0,12,0,13,17,0,12,31,0,0,16,2,0,12,6,2,24,0,0,0,17,5,0,24,12,0,10,0,13,3,6,0,17,3,0,0,52,59,20,44,15,22,5,61,18,5,4,14,25,12,14,0,19,0,0,36,36,9,2,2,0,3,39,38,0
0,0,8,15,14,1,16,0,0,9,1,18,8,0,12,0,20,2,0,49,0,0,4,0,2,34,5,0,35,2,0,7,0,0,0,0,0,17,0,0,39,0,2,2,4,0,14,8,13,35,0,34,0,15,0,2,0,0,0,0,4,5,39,11,0,20,0,4,0,19,0,15,33,0,3,18,35,0,0,6,15,0,3,33,4,30,2,0,11,55,0,12,0,4,14,0,5,35
0,1,0,0,2,0,0,0,10,4,5,0,25,13,20,0,13,19,0,22,0,0,2,0,0,31,0,0,0,5,0,15,0,0,0,0,11,4,19,5,64,0,0,0,3,0,17,15,6,7,2,0,54,0,0,18,0,0,0,24,0,0,0,0,0,32,8,0,13,33,2,0,104,1,11,5,16,0,0,8,25,0,3,10,28,8,0,0,3,14,20,0,0,2,3,0,3,64
3,9,0,4,11,0,2,8,0,0,0,0,0,2,16,0,43,5,0,22,0,5,13,2,2,61,0,3,0,2,0,0,0,0,0,0,8,0,12,0,16,0,3,0,0,0,7,0,5,32,0,0,7,0,0,0,10,0,0,0,0,0,0,0,0,10,2,0,9,2,0,0,3,74,33,0,9,0,44,0,14,0,23,32,39,26,0,0,11,0,7,10,0,0,0,0,4,46
0,0,0,5,0,0,0,20,3,0,0,4,2,0,0,2,14,0,0,25,0,0,0,0,0,29,0,0,0,0,0,0,0,0,12,13,8,0,1,2,0,8,0,0,0,0,27,0,4,0,0,0,0,14,0,0,13,0,0,0,7,8,0,2,0,1,0,0,0,52,27,0,0,17,0,0,45,2,0,0,9,0,4,14,2,11,9,0,24,0,0,4,6,4,24,4,13,13
0,4,0,2,0,0,9,10,3,0,4,0,0,0,10,0,28,0,10,0,0,6,0,0,0,8,0,0,0,0,0,0,0,0,0,0,0,0,0,6,0,11,0,1,0,0,21,0,0,0,0,0,0,0,0,0,0,0,0,0,2,1,5,0,6,0,0,0,4,84,52,0,18,0,0,0,20,0,0,15,5,0,0,15,0,4,0,8,5,0,0,0,0,0,4,61,45,0
0,2,5,7,0,0,9,8,13,0,0,0,0,0,1,0,6,0,18,32,0,0,0,0,0,0,0,0,0,0,0,2,0,0,0,0,0,0,0,0,0,8,0,19,0,2,21,0,13,15,0,0,0,6,2,0,0,0,0,2,3,0,18,3,3,0,4,0,8,69,74,0,36,0,0,0,0,0,2,3,15,0,0,0,0,19,0,0,4,21,0,4,0,0,14,13,1,26
0,3,2,2,0,0,2,0,3,0,0,0,0,12,0,11,19,2,14,0,2,0,0,0,0,10,0,1,0,3,16,0,0,0,0,2,0,0,0,2,26,0,30,0,0,2,9,7,0,37,0,20,0,0,0,0,0,0,0,18,13,0,0,0,2,0,0,26,0,14,30,5,10,2,0,0,33,0,18,2,0,0,0,11,7,6,31,21,12,0,0,2,32,0,6,2,16,0
0,1,0,6,0,0,0,0,0,0,0,0,0,16,4,0,10,2,0,5,0,1,0,0,0,16,0,0,0,3,6,0,36,0,0,0,0,0,0,0,0,0,2,0,0,0,2,29,1,21,0,4,0,4,0,0,0,38,0,0,4,0,6,0,0,25,4,0,0,55,2,12,4,0,0,0,23,0,0,0,8,0,0,15,0,1,7,0,0,19,13,2,9,12,4,0,29,0
15,4,7,1,2,0,0,0,3,0,0,0,0,0,19,0,11,0,0,0,0,1,0,2,0,0,0,0,0,0,0,10,0,0,0,5,0,0,0,0,5,0,0,0,0,0,2,12,4,0,0,0,0,10,39,41,0,15,0,25,0,0,19,0,5,30,0,0,2,0,3,0,30,0,0,0,8,18,0,6,0,0,0,10,0,4,3,0,4,51,15,0,0,0,26,36,0,0
0,0,7,5,8,2,0,0,0,0,0,0,0,0,0,0,1,0,9,0,0,0,0,0,0,0,0,78,42,4,0,0,1,0,0,0,0,0,0,0,0,0,9,0,31,0,16,2,8,0,0,0,8,4,13,22,31,30,0,12,15,16,3,0,20,3,14,0,28,0,0,0,47,0,27,3,40,22,0,18,0,0,0,2,0,0,18,0,83,10,6,0,0,0,3,14,1,2
0,0,0,26,0,0,0,0,3,0,0,6,12,0,14,0,16,0,13,0,0,2,2,2,0,0,0,73,3,7,0,2,8,0,0,0,0,0,2,0,0,8,2,9,4,0,17,0,14,0,0,0,1,7,0,0,0,20,0,0,6,0,12,7,0,0,7,0,0,0,0,0,29,57,11,25,33,20,4,4,12,8,0,0,0,29,0,37,1,0,23,0,2,29,5,30,23,0
0,0,6,13,0,0,0,0,0,0,0,0,4,0,5,0,20,1,8,0,0,0,3,0,0,28,0,0,18,8,0,2,0,0,0,3,0,2,3,0,0,0,0,0,0,0,11,0,10,22,0,0,0,5,0,0,0,24,0,0,3,0,22,0,0,0,10,11,6,30,2,42,36,31,8,0,21,2,25,14,0,26,0,38,0,0,0,18,0,32,10,0,0,18,2,0,0,46
3,4,2,14,7,0,25,26,0,0,0,0,0,12,2,2,25,12,0,0,0,0,0,0,2,15,0,0,0,0,2,2,0,0,7,6,2,0,0,0,0,0,0,0,0,0,0,0,15,45,0,25,4,0,0,36,28,17,0,26,4,0,0,0,0,0,0,22,0,41,55,3,30,0,16,0,29,0,7,2,2,0,0,18,0,2,0,26,3,0,3,7,2,21,1,0,17,39
0,4,10,4,9,0,17,16,0,0,13,2,0,15,0,0,17,8,9,0,0,0,0,0,2,40,0,4,0,0,0,0,0,0,0,0,10,0,14,5,30,9,0,16,0,0,0,0,2,17,0,26,0,4,3,25,0,26,0,7,5,4,0,13,11,0,8,4,0,27,69,0,33,0,10,0,23,0,0,0,16,0,0,28,0,3,0,10,47,0,0,8,29,41,0,0,24,9
6,0,4,2,2,9,0,7,0,9,3,9,0,9,0,0,5,0,14,24,0,0,0,0,2,43,0,62,0,0,0,0,0,19,0,23,21,0,6,18,37,0,21,0,8,4,16,13,2,0,0,21,0,0,0,0,0,0,0,0,1,9,8,2,4,0,22,53,0,42,23,0,14,0,1,0,0,36,3,8,2,0,0,15,0,0,6,2,0,70,0,8,21,8,23,0,23,39
0,3,0,14,0,1,14,0,0,4,3,15,0,2,0,1,0,0,0,4,0,0,4,2,4,48,2,12,71,0,3,4,0,4,0,11,2,0,0,5,0,10,3,2,11,0,20,12,15,0,8,0,14,5,8,0,29,0,0,0,14,2,24,0,16,7,12,2,16,37,3,0,48,0,7,0,0,13,25,0,2,7,0,34,0,0,39,4,0,6,0,0,55,18,7,33,0,0
4,3,12,9,0,0,5,0,2,0,0,12,3,0,0,3,0,0,0,0,0,0,16,4,0,33,0,0,14,0,8,2,6,0,18,6,0,15,0,0,0,0,2,2,0,0,9,24,17,3,24,0,0,16,22,0,16,6,3,0,4,0,22,13,30,19,1,15,10,19,2,0,26,59,0,6,23,10,0,0,0,17,4,0,0,25,28,21,6,4,6,0,0,0,4,7,14,1
0,0,4,19,0,0,0,0,0,0,0,0,0,0,13,3,18,0,0,0,8,2,0,0,0,13,0,0,0,0,0,0,0,0,3,20,0,3,0,0,0,0,3,0,3,0,9,18,11,12,14,7,18,25,33,0,0,23,5,32,0,0,3,3,0,25,3,0,8,31,7,0,0,64,0,7,24,0,0,0,20,16,0,12,6,9,1,2,12,0,28,0,0,13,0,0,60,31
0,0,0,4,0,0,2,3,2,3,0,0,0,0,5,2,21,0,0,33,0,1,0,2,0,0,0,0,0,0,0,3,0,0,0,0,0,0,0,0,2,16,0,3,11,2,7,3,0,57,1,0,25,22,10,0,0,6,0,0,7,8,0,0,0,22,18,0,3,0,68,0,34,28,4,2,5,2,10,50,0,16,0,14,2,0,0,0,22,5,19,9,4,0,25,0,42,62
4,2,5,6,0,6,0,11,2,0,5,0,3,20,9,0,11,4,0,0,0,0,0,2,0,0,0,3,0,0,0,2,0,0,0,0,4,9,9,13,25,0,0,0,4,2,24,0,23,24,0,0,20,8,0,5,0,18,6,0,0,2,0,0,1,42,8,19,0,0,3,24,20,24,21,0,27,0,9,4,0,3,0,23,3,0,0,12,0,63,0,2,0,0,1,16,10,25
0,2,1,4,0,0,1,0,0,0,1,9,7,6,13,0,0,2,19,0,0,0,0,2,7,6,0,2,0,0,0,0,3,0,6,5,13,0,8,4,46,0,0,16,0,0,4,7,4,3,0,0,10,0,0,59,3,0,0,0,12,35,13,6,13,41,0,0,0,68,36,13,34,28,5,0,9,0,0,7,21,0,0,7,2,0,46,11,0,0,0,0,0,0,3,14,0,46
0,3,0,2,0,0,11,0,3,5,0,0,2,0,3,0,0,8,11,7,0,8,2,2,1,29,0,0,0,0,0,2,0,18,0,0,0,2,2,0,4,20,0,0,2,0,0,0,9,28,0,0,0,2,0,13,4,0,0,45,6,0,14,2,0,18,0,7,11,10,3,0,36,0,7,0,36,0,0,4,2,0,0,24,0,10,24,0,0,5,0,0,4,7,7,23,44,10
0,4,7,2,0,0,6,0,5,2,0,0,0,7,3,0,12,30,10,0,0,4,0,4,0,33,0,0,0,8,0,2,0,17,0,0,7,0,0,0,0,10,4,0,8,0,5,10,15,13,0,25,13,8,0,0,0,0,4,5,3,1,0,0,0,9,0,9,4,3,0,0,31,0,4,0,51,0,0,0,11,0,8,23,0,1,1,9,49,3,15,0,92,0,6,16,10,0
20,0,0,6,0,0,16,24,2,0,3,0,0,14,2,2,5,0,0,2,0,0,0,0,4,19,0,108,3,0,0,1,3,0,2,12,0,0,0,0,21,0,2,10,0,2,7,14,25,9,0,21,7,5,0,0,20,26,0,0,11,4,0,0,0,0,61,0,0,39,0,0,4,0,0,0,14,3,0,0,0,0,0,2,2,0,0,0,32,6,6,14,2,0,15,0,39,26
0,0,4,6,0,3,6,28,2,0,3,40,2,0,17,0,1,0,0,2,0,0,2,0,5,16,0,14,0,6,2,8,0,9,6,24,0,0,3,12,18,0,0,0,0,1,0,19,0,7,1,2,0,0,27,0,2,52,0,9,13,2,10,0,8,0,31,0,0,66,56,0,15,10,0,3,58,33,0,3,8,0,0,2,0,2,0,0,18,33,0,12,4,0,12,0,34,0
0,0,18,6,0,0,0,14,2,2,0,27,0,0,19,0,0,0,0,0,0,0,0,2,10,2,0,0,0,0,0,5,3,12,8,0,0,0,18,0,21,0,2,7,0,1,0,3,33,0,11,0,0,5,0,0,0,19,0,0,0,0,0,13,24,0,4,0,0,41,42,0,25,16,17,36,6,12,0,12,2,0,3,2,0,0,9,14,0,20,0,0,34,28,4,36,0,36
0,9,10,4,0,0,0,9,0,0,0,25,0,13,7,0,0,0,10,0,0,2,0,2,0,0,0,0,0,0,2,2,4,8,1,0,11,0,9,0,21,21,7,3,2,0,8,0,2,0,12,0,15,38,23,0,0,12,7,0,3,3,0,0,6,0,23,0,0,25,34,0,4,13,8,2,31,34,0,7,19,0,0,0,3,0,31,14,27,0,0,0,0,2,0,10,1,29
1,0,0,4,0,0,9,13,3,5,7,35,0,14,13,0,7,5,7,2,0,8,0,0,3,22,0,0,0,0,0,2,0,0,0,0,3,4,0,0,4,9,0,6,0,0,0,1,16,12,0,13,0,2,0,28,3,47,0,54,3,17,14,2,22,20,31,14,15,38,1,24,29,0,11,1,9,0,0,14,0,0,0,16,5,1,22,0,0,0,0,8,2,0,3,7,50,28
0,9,0,4,5,0,5,16,2,0,0,4,0,0,0,3,19,0,13,0,0,0,3,0,0,35,0,13,4,5,0,0,0,0,0,9,2,0,0,7,0,3,0,0,11,0,30,0,14,24,0,25,0,28,0,11,0,0,0,1,3,14,66,0,8,43,0,0,20,1,2,3,8,0,5,0,5,7,3,10,0,20,2,18,0,5,0,4,62,70,6,9,25,0,0,0,20,19
0,2,2,6,7,0,0,55,4,7,2,0,0,0,10,0,4,0,6,3,0,0,2,7,1,54,0,0,102,6,0,0,0,0,2,6,10,0,0,15,4,0,5,11,2,1,10,2,2,2,28,0,2,16,3,0,5,0,0,18,0,1,0,10,0,25,0,0,0,0,0,0,13,0,6,0,60,0,0,9,6,10,0,34,0,0,20,24,63,27,27,0,14,28,17,21,0,33
0,0,0,2,20,0,9,10,29,0,3,0,0,2,20,2,13,5,11,0,2,8,0,0,0,20,2,0,5,0,2,3,24,44,0,46,3,0,5,8,47,0,0,0,0,2,20,0,2,0,21,0,26,38,21,0,0,0,0,3,2,12,1,15,0,17,9,23,0,30,2,0,2,13,16,0,8,0,0,17,0,11,0,5,0,0,0,0,29,2,2,0,35,22,11,6,4,0
0,0,11,4,21,0,32,13,9,2,0,0,0,34,2,2,7,0,15,0,0,12,0,2,2,28,0,0,0,0,19,4,39,36,0,0,0,0,0,0,29,7,8,2,2,0,0,0,14,0,22,2,14,9,0,0,0,7,0,0,0,9,0,0,0,50,0,4,0,0,79,6,0,30,0,3,27,2,7,0,8,15,0,2,0,2,0,0,0,0,5,0,73,4,1,0,0,0
0,2,9,8,0,0,0,0,0,0,4,7,1,16,16,0,26,0,2,2,2,0,2,2,86,37,0,15,0,0,0,2,17,4,0,25,0,23,0,0,22,0,7,0,23,4,0,16,24,6,5,41,1,6,24,33,2,0,31,0,16,0,4,0,15,18,2,0,0,49,75,12,64,23,24,10,22,48,0,7,1,34,0,63,4,4,7,0,3,0,32,0,3,4,2,30,17,0
0,6,15,4,0,6,0,0,6,2,0,16,0,6,11,0,0,4,0,0,0,4,0,2,25,52,1,75,0,0,0,0,0,0,9,0,6,12,0,13,30,2,4,9,11,4,0,10,29,0,0,65,0,39,0,23,1,16,15,0,4,0,21,0,2,30,15,0,18,46,29,0,37,7,34,12,45,17,0,39,15,3,0,45,8,3,17,0,0,0,26,9,34,0,2,0,0,24
0,2,0,2,0,9,2,0,3,0,1,16,0,2,7,0,0,0,6,0,1,9,1,0,12,35,3,58,20,16,22,4,24,0,9,27,12,18,7,2,18,0,2,4,14,0,0,19,6,0,0,0,6,0,0,61,0,33,0,36,13,0,1,16,3,0,0,12,12,91,2,0,75,0,1,0,48,36,0,41,0,0,2,24,0,3,0,37,16,28,13,2,54,20,8,0,12,0
0,5,0,6,0,9,0,30,6,2,5,26,0,4,1,0,0,4,9,15,7,3,2,4,0,40,0,0,0,11,0,0,46,0,17,0,0,8,12,10,11,12,0,0,20,0,6,22,8,55,0,0,30,63,0,3,40,42,5,16,2,7,20,3,13,19,21,7,11,77,0,6,64,0,0,0,23,31,2,10,2,3,0,15,0,0,0,25,28,33,0,13,45,25,10,0,35,0
2,6,0,9,12,0,0,20,2,0,12,5,4,0,21,6,23,2,19,0,2,2,0,3,2,21,7,0,0,8,0,1,48,31,11,0,2,0,0,3,4,9,2,20,23,0,10,15,5,17,31,0,7,0,0,11,0,8,0,17,3,0,15,0,6,50,1,0,0,52,29,23,9,18,33,0,5,27,2,29,6,32,0,27,2,0,5,0,5,0,0,13,17,0,1,0,104,0
0,0,0,5,13,0,0,32,2,2,0,0,0,0,26,9,6,26,10,43,0,6,0,0,37,32,0,46,0,4,18,4,42,16,0,5,4,0,0,0,7,0,6,26,7,0,2,10,2,43,30,15,0,44,0,0,2,10,30,0,0,2,0,2,38,22,9,0,0,0,19,24,33,34,18,0,21,36,31,25,7,16,0,2,2,0,28,52,2,0,24,3,27,0,16,0,20,32
3,0,0,4,9,8,8,24,4,2,2,4,3,0,17,0,7,3,4,37,0,0,17,4,33,62,10,53,16,0,31,6,0,17,0,9,2,2,2,23,14,0,12,7,16,1,6,10,27,23,2,25,0,81,0,0,0,23,0,0,3,16,4,3,3,0,14,9,16,19,49,25,21,20,21,19,33,28,29,33,9,5,2,40,0,37,15,0,0,79,20,0,74,8,4,26,13,36
0,0,0,6,8,0,4,44,2,2,11,24,12,0,14,3,2,0,5,0,0,18,6,0,32,31,3,39,6,0,0,2,6,26,4,0,2,16,15,2,33,23,5,15,16,3,4,44,11,33,0,1,24,29,11,71,68,8,0,24,8,0,0,2,0,0,2,10,11,47,14,11,23,0,20,13,22,18,0,14,4,24,7,33,32,7,34,13,45,43,20,1,32,22,0,31,32,20
0,5,0,6,2,15,7,9,10,20,1,22,6,21,18,8,13,0,6,1,0,0,0,2,3,42,2,0,0,0,0,0,0,46,12,2,6,32,2,0,20,32,10,33,19,0,2,12,5,27,36,39,11,1,0,35,5,25,2,0,2,15,36,5,41,41,32,23,21,34,5,0,57,16,8,18,18,22,14,5,0,15,22,74,1,14,29,26,67,6,20,8,15,35,20,0,77,0
0,2,16,4,0,0,15,26,13,3,0,16,7,11,12,3,15,4,12,0,2,1,0,0,18,11,4,0,0,0,3,2,9,53,3,7,10,23,0,17,27,11,11,6,1,2,10,10,17,17,25,2,8,72,0,34,27,18,0,10,18,21,10,18,39,25,2,49,0,47,94,0,43,47,37,0,28,16,13,10,14,17,0,57,8,0,16,50,49,53,5,25,41,0,0,22,23,42
3,6,19,10,20,4,0,20,3,11,22,10,19,13,3,0,17,0,12,30,0,13,2,2,31,66,18,0,9,3,13,0,0,3,16,1,0,33,1,8,30,0,2,28,14,0,4,11,22,11,34,0,0,33,0,14,23,14,18,44,3,25,0,4,0,35,23,0,0,0,54,17,27,18,28,0,12,72,5,24,2,17,0,2,23,5,2,0,4,47,20,8,53,20,26,6,54,44
0,0,26,2,7,3,0,29,5,5,0,0,7,0,15,1,10,0,8,22,4,0,21,2,31,17,11,54,8,10,0,4,11,18,11,0,5,10,25,0,35,0,15,26,20,15,10,8,6,15,31,6,10,1,0,0,4,12,7,1,5,11,0,8,9,22,6,1,0,0,61,17,29,25,50,28,27,0,8,9,12,24,0,59,1,12,0,0,9,60,3,2,28,0,10,37,27,26
0,2,6,12,3,4,0,41,5,0,6,29,12,0,17,9,22,0,17,24,2,0,11,5,25,41,10,0,0,0,0,0,3,0,2,11,6,17,11,0,13,11,12,8,5,0,18,41,8,14,36,27,19,3,1,0,20,39,2,10,3,16,42,14,13,44,0,33,18,97,57,23,25,0,23,11,0,0,7,21,0,16,4,11,24,9,9,35,40,5,0,0,13,0,19,7,21,33
0,8,14,6,17,0,0,2,10,4,8,14,0,10,17,0,3,7,12,4,0,3,18,6,24,91,6,0,0,0,0,6,5,6,5,2,5,11,0,15,27,36,2,27,0,4,16,30,2,24,38,5,29,43,7,0,24,7,0,0,2,14,0,8,14,25,0,0,14,32,37,15,0,30,93,11,36,4,13,22,4,18,0,13,23,7,6,36,114,0,30,5,7,0,7,7,3,18
0,2,19,2,0,10,26,0,8,2,12,22,16,4,19,8,15,1,0,42,0,15,15,0,15,36,5,0,0,0,0,4,22,23,2,0,7,4,0,0,33,7,5,0,0,0,10,49,22,12,53,0,6,3,18,9,24,23,18,0,9,7,0,5,0,54,3,10,12,81,5,2,0,39,33,8,42,0,25,12,29,6,25,19,9,7,5,21,37,65,27,18,0,22,15,35,76,80
9,0,4,3,0,0,19,0,9,0,0,3,0,3,18,0,4,9,0,6,0,0,3,7,12,39,21,0,0,0,0,2,0,0,15,0,5,2,0,0,25,0,0,12,0,2,25,0,28,18,32,0,5,6,0,78,26,15,0,3,0,83,0,2,21,39,2,11,0,68,0,10,8,11,23,28,25,0,10,0,9,8,0,21,11,12,14,0,35,44,26,1,0,0,9,1,0,4
18,0,7,4,12,0,30,0,9,2,0,0,10,0,17,0,21,0,0,28,0,3,25,2,4,49,0,10,0,0,0,0,0,0,1,0,0,0,0,2,39,0,0,17,0,2,20,19,9,25,39,23,2,26,0,9,0,26,13,0,0,8,7,13,9,24,6,0,0,92,4,15,17,17,14,0,6,0,13,0,0,0,0,21,32,0,11,0,20,0,35,2,0,0,9,4,55,37
1,0,0,6,8,0,8,0,0,0,6,3,16,0,7,0,12,0,0,9,2,0,5,0,21,19,0,0,0,15,8,3,0,0,10,16,4,4,0,17,10,0,0,0,0,0,46,24,14,16,50,0,5,11,0,0,0,14,0,0,0,2,9,0,21,0,7,0,0,15,7,16,2,0,4,0,10,0,0,4,5,2,0,28,29,9,4,0,50,24,2,7,13,15,3,31,0,6
21,0,0,6,0,0,3,0,0,0,0,0,15,0,8,15,23,4,0,30,0,0,0,4,3,16,0,0,2,0,1,0,0,0,0,0,7,0,0,12,9,1,2,0,0,2,15,4,9,8,15,0,4,17,0,0,2,27,0,0,7,0,0,5,53,0,11,0,11,33,75,2,0,0,30,0,4,0,0,0,14,2,0,24,10,19,0,52,1,72,10,8,0,0,2,3,9,0
1,3,0,2,0,0,0,0,0,3,0,0,0,11,0,0,18,2,0,13,0,1,0,0,0,0,0,0,7,0,0,2,0,0,0,0,2,0,0,5,1,0,6,15,0,0,4,4,4,0,26,0,0,5,0,0,0,19,12,5,1,0,0,8,11,0,0,9,17,10,57,10,0,0,23,15,70,0,6,2,0,0,4,2,8,12,0,46,1,0,26,4,0,0,0,3,47,9
6,0,0,3,0,0,0,0,5,2,0,0,0,18,11,0,0,2,0,20,0,0,0,2,0,0,0,0,4,0,0,2,0,0,0,2,0,0,0,17,7,0,0,2,0,0,13,0,17,35,11,0,16,25,0,43,0,2,0,34,11,0,0,0,4,0,0,13,12,40,0,0,0,39,6,6,29,0,0,0,0,0,8,6,0,2,0,0,0,25,4,0,0,19,0,0,0,42
0,1,0,7,8,0,0,27,0,0,0,1,0,2,0,0,0,4,0,4,0,0,0,0,0,0,0,2,0,0,0,0,0,0,0,0,0,0,0,0,0,0,0,0,0,0,9,0,5,0,0,41,44,21,0,2,3,0,0,2,2,0,35,0,7,0,0,0,2,1,2,0,41,0,0,0,9,0,0,0,0,0,0,1,0,10,31,0,0,3,0,0,0,3,0,0,0,3
0,0,6,0,10,1,52,12,0,0,0,0,4,2,0,0,2,0,12,23,0,0,0,0,0,19,0,9,22,0,0,5,0,0,0,16,0,0,0,0,0,4,3,0,0,0,15,0,10,8,0,5,9,32,0,0,0,3,0,18,6,0,0,0,1,1,3,12,0,4,0,0,33,0,0,0,16,0,0,27,0,0,4,0,0,13,0,0,0,44,0,0,0,0,5,0,0,0
3,5,6,7,0,2,2,0,0,0,0,0,0,0,0,0,17,2,6,6,0,6,2,0,0,30,0,0,2,0,0,0,0,0,0,3,0,0,0,0,0,0,1,0,0,0,26,22,10,11,2,0,0,10,2,0,0,0,6,0,3,0,0,0,4,30,7,0,0,110,2,0,19,0,0,0,15,5,0,0,15,0,0,0,0,2,0,62,19,5,0,0,0,0,0,0,0,0
0,2,0,5,0,0,7,0,0,0,1,0,0,0,0,0,12,0,9,0,0,0,0,2,0,16,0,0,0,0,0,0,0,0,0,0,3,0,6,0,6,13,6,0,0,0,34,12,0,0,0,0,0,34,0,0,0,0,0,0,12,24,6,0,6,26,0,0,0,7,0,0,0,0,0,0,14,0,0,0,1,13,0,24,0,3,0,0,0,42,0,2,0,0,10,17,2,23
0,6,11,8,6,2,0,0,0,2,1,0,0,29,10,0,0,2,9,4,2,0,0,0,0,38,0,92,0,8,0,0,10,0,2,14,0,0,0,0,0,0,1,0,3,0,13,9,9,15,0,0,2,0,0,0,0,3,6,0,1,0,0,9,15,9,2,0,26,32,0,6,21,0,0,0,19,0,0,8,3,3,2,14,0,0,0,0,0,42,0,4,4,0,0,19,48,34
5,0,0,0,6,0,0,29,0,0,0,8,0,6,0,0,0,1,0,0,0,0,0,0,0,14,0,56,0,0,15,2,46,0,11,15,0,2,0,4,0,3,6,0,0,0,7,2,0,18,0,0,0,2,17,5,3,5,9,0,5,0,0,0,2,0,6,0,7,48,2,0,151,0,0,0,0,21,10,9,17,0,0,0,0,0,0,0,0,4,0,0,0,0,7,13,36,0
0,0,5,6,5,0,0,23,0,0,0,0,0,8,2,0,0,4,0,0,0,6,0,0,0,41,0,0,0,0,0,0,9,0,2,18,2,0,0,4,0,21,5,5,0,0,18,0,9,29,0,0,0,6,37,0,0,30,0,0,2,0,0,0,2,0,0,21,0,33,0,0,1,0,8,0,71,36,5,4,0,0,0,4,0,0,0,8,0,4,0,0,84,0,9,0,0,6
0,8,0,7,0,0,19,2,0,6,0,3,0,0,10,0,8,1,0,2,0,0,0,0,0,28,0,0,0,0,0,0,0,0,0,6,2,0,0,0,0,0,0,0,9,0,7,0,2,4,18,10,3,29,0,0,0,13,3,0,6,3,6,0,0,0,0,4,0,39,7,0,0,0,13,0,15,24,0,0,0,0,0,24,0,2,9,33,0,11,16,0,27,26,0,0,0,11
0,2,0,10,0,0,0,14,0,0,7,0,0,0,12,1,18,4,0,0,0,9,19,0,0,19,0,0,16,0,0,7,0,0,0,0,0,2,12,0,21,0,0,16,10,2,12,0,0,7,6,27,2,30,18,8,0,6,15,22,0,2,11,5,0,0,6,4,2,29,18,20,0,0,6,0,15,0,0,0,5,15,0,34,0,15,29,64,0,50,11,0,2,21,11,9,21,0
0,0,5,4,0,0,0,18,0,2,3,0,0,3,5,1,6,2,8,0,2,0,10,0,0,0,0,0,9,0,0,4,0,4,0,0,0,0,10,0,33,0,0,0,0,2,16,0,0,8,23,0,13,15,23,89,27,18,14,0,2,0,0,6,2,0,0,0,0,39,0,0,21,56,0,0,12,11,6,8,12,4,0,34,0,8,7,2,0,7,21,11,0,8,0,0,19,21
0,0,7,5,8,0,0,26,5,0,0,12,0,14,16,0,12,8,14,2,0,4,0,0,0,0,0,0,20,6,7,5,0,5,0,21,0,1,2,0,4,7,0,0,0,0,11,0,7,12,0,0,0,0,0,42,1,8,0,0,11,1,0,0,11,18,28,0,0,3,2,0,60,32,0,12,0,37,9,8,9,21,0,16,0,4,0,0,28,0,20,7,8,0,2,46,15,24
0,0,6,2,18,0,0,33,0,4,0,5,2,0,3,5,9,0,6,12,0,26,0,0,0,7,0,73,2,2,1,0,4,8,0,2,0,3,0,2,0,22,2,9,7,0,15,0,13,14,22,0,17,12,0,70,5,20,0,0,10,15,21,0,8,31,8,24,20,33,0,0,9,2,19,4,0,42,0,0,18,20,0,23,0,14,0,8,42,0,4,0,36,0,14,2,21,29
0,0,0,6,3,0,0,0,4,0,2,6,15,3,2,20,0,0,0,3,0,0,0,0,0,35,0,8,0,0,0,0,0,2,0,0,6,0,0,0,0,0,2,6,12,0,6,11,2,6,2,6,15,4,0,0,1,17,0,0,0,33,0,6,14,33,11,5,4,45,89,0,7,2,83,34,62,13,2,0,5,8,0,30,0,1,12,0,33,0,6,0,2,0,7,30,0,14
0,1,7,12,0,1,0,0,2,0,3,0,2,0,0,0,0,0,0,25,0,0,0,2,0,43,0,0,0,0,0,4,0,3,2,7,0,11,0,2,0,3,0,0,6,2,25,9,5,4,47,25,7,0,8,12,1,6,0,33,1,0,0,8,2,13,8,0,9,0,66,15,9,3,1,0,0,0,16,0,6,0,2,13,20,7,11,0,0,0,16,7,5,0,2,0,19,0
0,16,8,7,0,0,59,4,2,2,0,0,0,0,9,0,0,6,0,2,2,0,0,0,0,54,2,0,6,0,0,2,0,0,0,8,0,0,0,0,5,2,0,26,0,2,4,9,16,27,36,0,2,41,9,24,3,10,15,0,3,8,0,0,0,6,0,0,5,0,7,2,18,0,3,11,0,0,0,0,18,0,0,0,0,0,0,0,0,51,8,8,0,3,1,0,37,30
0,0,0,6,0,0,0,22,0,3,0,0,0,0,18,0,0,17,0,0,0,0,0,0,0,46,0,2,15,16,0,0,0,0,0,0,0,0,19,0,20,0,0,8,0,2,10,21,9,26,32,0,9,0,11,0,0,16,0,0,7,2,21,0,21,30,0,4,21,34,4,0,4,35,16,11,0,0,0,0,3,0,4,0,0,5,0,3,0,10,23,0,7,19,8,0,0,11
0,0,0,3,8,0,58,0,4,6,2,3,0,11,7,0,0,0,0,0,0,2,1,2,0,50,0,0,7,15,0,4,0,0,7,0,0,0,24,0,22,0,0,0,0,0,17,24,11,10,14,0,0,8,3,0,4,9,0,0,9,0,3,0,17,33,3,36,2,42,2,0,10,28,22,0,5,0,0,9,2,0,1,0,0,0,0,0,4,24,25,0,0,0,0,0,9,25
21,3,0,7,6,3,0,0,2,0,0,0,0,8,0,0,3,0,12,2,2,0,0,0,0,0,0,0,1,0,13,4,4,0,12,12,2,2,8,0,34,6,9,0,11,4,5,0,11,69,16,0,0,0,0,0,0,9,0,20,0,0,5,7,34,24,3,0,2,34,2,0,12,22,9,0,0,0,0,23,17,0,0,0,2,0,0,0,10,74,23,0,12,0,12,0,67,1
16,6,5,65,4,0,0,0,4,5,0,0,0,0,0,11,7,0,16,13,0,2,0,2,0,0,2,0,0,0,0,2,0,0,5,0,4,0,4,9,18,25,2,2,12,2,5,0,3,6,14,33,20,0,6,42,0,0,13,0,4,4,0,0,21,0,7,0,21,57,0,0,14,0,0,0,33,11,0,0,1,0,0,15,0,0,14,14,15,104,0,2,48,0,2,0,0,0
2,0,0,8,0,0,82,6,2,0,17,0,0,0,0,0,10,39,0,0,0,2,0,2,0,0,0,0,0,0,0,4,0,0,0,0,1,2,0,4,0,0,0,29,0,0,4,0,8,17,18,11,26,1,15,8,3,0,0,0,2,7,0,0,5,0,11,0,0,5,2,1,4,0,6,0,12,14,0,4,3,17,22,24,0,6,7,44,28,0,0,15,0,16,10,27,0,0
6,0,0,2,0,0,5,35,0,2,0,0,0,0,2,0,0,9,17,0,0,0,11,0,14,0,0,0,0,0,0,7,0,5,0,6,1,0,0,4,0,0,0,18,0,0,11,0,2,40,19,0,0,0,0,0,0,24,0,19,0,0,0,2,4,15,5,9,0,13,0,13,11,0,0,7,8,33,0,8,8,12,0,7,0,9,0,23,0,14,8,8,0,22,0,23,46,31
0,1,0,10,0,0,1,14,4,5,0,0,0,3,10,0,0,8,10,3,0,11,0,0,23,2,0,3,8,0,0,9,0,7,0,14,0,0,0,0,0,7,0,0,0,6,7,0,1,0,12,0,0,23,0,0,0,20,2,7,22,3,0,12,44,28,9,0,0,43,52,23,23,15,0,8,17,9,0,9,0,8,0,34,4,1,1,0,29,2,37,8,21,1,14,4,44,12
5,1,3,4,12,0,0,0,0,0,4,0,0,16,2,19,22,22,4,2,0,0,0,2,17,0,0,0,2,12,0,1,0,0,0,0,2,0,0,4,6,0,2,0,7,0,0,0,19,25,17,0,0,25,0,0,6,13,28,0,0,9,14,0,41,0,5,38,0,23,99,0,90,11,0,25,28,43,0,2,11,17,0,39,0,3,10,0,0,2,17,0,23,0,0,7,1,0
0,2,6,2,1,0,0,0,1,0,0,0,4,0,7,1,2,9,12,0,0,0,1,0,0,18,0,0,0,10,0,7,4,7,2,0,0,0,5,0,20,0,27,0,6,0,2,14,4,8,6,15,0,0,5,2,0,11,0,7,4,0,14,0,9,0,6,24,0,29,25,0,9,0,0,1,10,14,0,0,0,3,0,4,0,2,39,0,6,0,11,0,5,0,16,0,27,0
0,0,6,9,0,0,0,0,5,6,0,14,1,0,3,4,2,8,0,0,0,5,3,2,0,29,3,36,0,0,0,0,0,32,16,0,0,0,15,0,28,0,0,0,2,0,0,6,4,7,4,6,29,16,0,4,0,9,0,0,8,0,0,0,6,0,13,10,0,0,0,0,1,0,0,0,62,11,0,0,17,0,2,0,0,0,7,11,0,4,18,0,0,0,3,4,0,3
0,0,0,3,2,0,1,28,2,16,0,6,0,0,0,0,0,20,2,0,0,0,3,2,0,17,0,74,0,0,0,0,12,0,8,13,0,0,1,6,0,0,0,0,2,0,4,12,3,29,8,0,0,26,3,0,35,0,0,2,4,7,0,8,5,18,0,0,15,27,0,12,7,12,82,3,31,0,0,0,33,12,0,0,7,4,0,50,23,90,2,0,4,19,15,25,41,46
0,0,0,0,2,0,1,23,24,0,15,0,0,4,14,11,6,8,15,0,0,0,0,6,2,39,0,46,0,0,24,5,2,20,2,0,3,0,0,1,2,27,2,16,4,9,7,8,0,9,12,0,0,10,0,3,38,0,0,45,0,14,0,1,20,26,0,0,13,37,0,20,8,15,0,13,27,0,3,0,0,35,0,9,0,0,0,29,39,47,28,7,20,19,5,26,33,53
6,0,19,36,0,0,0,16,0,0,9,20,0,25,2,4,12,17,6,6,2,0,2,1,0,31,2,0,0,0,0,3,2,0,0,0,6,21,0,4,20,2,2,0,20,0,0,0,17,31,6,3,0,89,4,0,4,0,28,13,23,9,67,0,17,59,3,0,10,33,3,0,30,0,9,0,0,35,5,12,6,6,0,37,0,2,0,38,19,0,8,0,21,0,23,3,4,36
8,0,5,44,4,7,0,0,7,2,2,7,0,18,23,2,8,9,11,0,2,26,2,0,2,17,0,0,11,12,0,5,15,7,0,24,9,9,0,0,0,11,21,4,10,0,5,0,0,2,11,0,19,12,1,0,0,4,0,0,2,7,115,5,4,37,13,17,0,0,0,0,56,0,19,0,47,18,0,26,2,2,6,43,2,3,0,20,4,0,12,0,48,0,8,0,72,4
57,18,7,25,12,1,0,0,3,3,7,14,2,10,5,0,0,0,2,0,0,0,0,0,3,21,2,0,10,0,0,0,80,46,0,12,5,35,0,0,2,0,2,8,5,0,0,0,5,36,8,0,9,24,0,4,2,27,14,0,5,0,0,12,1,0,0,0,0,0,86,19,19,4,14,4,0,15,0,16,12,16,0,11,0,7,9,0,0,8,25,18,16,0,3,0,7,0
0,0,14,9,20,3,0,0,0,0,32,0,0,12,2,0,2,7,16,0,12,4,2,0,13,41,4,32,0,5,0,2,38,0,10,8,4,4,15,2,5,0,8,0,8,0,0,21,0,30,21,35,0,31,0,0,35,13,0,0,7,0,0,0,1,0,0,0,8,21,49,3,20,42,6,3,0,18,5,8,0,15,0,51,4,6,12,3,4,9,16,20,29,9,7,0,0,0
0,5,8,11,12,2,0,25,0,19,8,4,0,4,11,5,21,28,10,2,10,22,0,0,23,23,0,83,0,0,0,1,42,6,18,0,10,2,16,9,17,0,0,9,11,0,9,16,16,1,7,32,28,5,0,27,7,13,4,3,8,3,0,0,1,8,10,0,24,25,1,0,27,14,0,9,49,42,21,9,0,25,0,20,0,6,23,15,29,39,10,0,9,43,14,0,0,15
0,8,4,2,4,4,15,0,4,8,0,34,0,0,3,12,3,18,13,2,5,0,0,4,6,41,2,35,8,0,0,3,2,0,12,15,5,0,16,5,30,10,0,15,8,0,6,16,5,5,14,38,20,8,0,55,36,19,0,17,5,0,29,9,15,30,5,22,7,48,0,0,2,23,22,4,3,12,2,16,0,12,4,19,5,0,2,25,63,0,4,11,10,0,0,2,26,43
13,3,16,10,5,0,0,0,0,15,3,14,0,8,11,16,9,7,34,0,0,8,2,0,0,79,19,0,2,0,0,2,3,0,2,0,5,17,6,0,2,0,0,13,7,4,5,20,0,14,15,0,2,25,8,41,0,46,0,11,9,12,7,7,24,44,2,15,0,45,83,4,14,1,10,4,29,23,0,20,13,27,0,33,3,0,1,10,23,0,22,0,41,0,16,4,28,34
0,0,8,4,13,0,9,2,7,7,9,2,1,18,4,0,6,7,16,20,0,2,2,6,2,51,3,0,33,12,7,2,18,22,0,11,0,8,2,10,6,0,15,28,27,2,9,17,0,0,8,27,0,17,0,0,36,20,8,0,16,4,0,0,4,29,18,12,0,33,44,12,33,58,32,0,0,26,11,10,0,19,18,37,0,4,0,1,0,78,31,0,58,23,0,10,44,7
1,0,5,6,7,7,0,13,10,0,13,11,1,11,5,13,5,19,9,2,0,3,12,0,21,24,25,43,7,3,0,1,3,0,2,14,8,24,0,8,34,0,0,0,18,2,4,22,26,32,36,8,0,27,0,0,13,20,6,11,10,7,5,15,19,38,5,0,0,31,3,26,23,17,24,0,38,21,4,34,18,17,0,43,36,4,38,0,93,94,4,0,26,10,40,0,61,0
0,0,20,5,14,9,13,23,14,0,16,18,3,13,12,2,8,21,4,2,0,0,33,3,21,52,11,33,0,29,0,2,0,22,12,16,2,22,0,1,30,14,0,20,10,2,5,6,8,5,20,0,4,11,0,17,0,16,0,84,3,20,0,0,30,43,0,0,0,52,41,7,19,0,13,5,9,2,8,50,0,13,2,37,34,2,48,19,45,4,19,14,35,0,11,2,31,35
5,0,16,6,20,2,25,0,11,52,9,15,28,5,0,19,26,27,14,0,0,10,15,13,17,46,9,0,0,18,0,0,0,0,16,0,12,10,0,7,22,4,3,32,29,1,26,10,0,36,14,17,24,29,3,25,5,6,28,47,5,12,0,12,20,17,15,30,13,19,14,0,23,30,18,5,4,21,0,9,11,10,0,28,2,27,11,37,20,27,4,9,81,11,11,5,38,13
0,2,15,2,4,11,0,10,0,30,0,16,0,5,3,0,17,2,11,12,2,0,16,0,1,64,7,0,0,7,0,7,2,10,1,6,4,20,4,0,2,0,31,5,0,3,20,6,7,6,29,3,23,0,0,12,8,16,0,0,11,6,0,0,1,61,7,2,10,24,2,0,8,24,14,6,48,13,18,25,10,12,0,0,14,0,0,108,59,79,36,3,5,22,23,3,38,24
0,3,19,4,3,6,0,22,0,2,7,18,15,6,5,10,20,0,11,24,0,1,12,4,0,27,5,0,3,0,2,2,0,22,0,0,2,13,16,8,25,7,0,10,8,0,11,4,7,2,17,16,26,7,0,0,15,10,6,0,1,0,0,50,4,32,5,0,6,25,2,8,9,49,12,12,53,3,3,13,2,6,2,0,21,11,4,20,62,75,23,7,4,14,14,0,46,0
0,6,6,4,11,0,6,0,6,0,7,25,16,0,14,33,5,8,0,2,2,2,2,0,26,44,21,0,16,0,0,2,0,5,4,12,8,12,0,4,34,8,2,10,2,2,8,15,1,15,26,21,5,5,0,3,9,19,0,12,0,6,29,0,39,21,1,4,8,35,4,5,15,0,19,0,25,6,0,23,0,18,0,0,0,2,21,33,78,1,27,2,0,0,13,14,10,0
0,0,10,0,6,0,19,0,0,0,4,10,5,0,5,0,16,12,0,8,0,0,17,8,38,46,0,0,1,0,2,6,0,9,23,0,2,12,0,2,4,2,0,14,2,13,6,9,21,5,16,7,0,26,0,19,29,2,27,0,0,9,33,2,8,35,0,6,2,61,65,0,26,20,35,0,37,23,4,59,6,16,2,0,29,9,0,2,63,24,28,6,4,0,1,5,106,0
0,0,0,0,2,0,23,0,20,4,7,0,16,2,19,23,9,2,0,20,2,0,8,3,5,36,5,0,4,0,8,1,0,0,0,0,13,24,0,3,38,0,3,26,0,0,12,0,23,12,19,0,15,0,0,0,0,31,1,3,4,0,181,4,17,9,4,0,0,9,8,0,12,15,22,0,1,14,0,14,0,23,27,0,24,8,12,0,43,12,8,1,0,0,15,3,46,34
0,3,5,10,2,0,7,6,5,11,9,7,2,12,2,7,13,0,0,10,0,0,9,0,0,27,0,0,2,6,0,0,0,0,0,0,7,6,0,11,1,0,6,0,3,0,31,10,4,5,11,4,15,17,0,0,33,41,0,35,0,4,0,7,7,0,20,22,0,64,0,0,8,24,46,17,11,3,0,0,4,12,28,0,14,10,16,9,17,91,14,12,4,0,16,8,0,49
0,0,0,6,2,0,3,23,9,3,4,3,3,0,5,0,19,22,0,6,0,5,3,4,15,28,2,0,0,0,2,3,4,0,0,0,0,3,0,13,30,0,0,28,0,0,2,20,4,10,18,3,7,24,0,26,0,15,0,112,14,28,0,0,6,36,1,2,3,47,0,0,1,4,0,2,22,0,0,0,3,11,26,0,8,7,24,0,25,73,8,4,27,0,4,0,11,0
0,0,0,2,0,0,17,0,5,0,0,21,7,0,4,20,17,18,0,11,15,2,0,0,22,16,12,0,2,7,0,6,0,0,10,0,0,0,4,0,6,0,0,5,0,2,29,10,7,37,19,0,3,17,6,21,0,7,8,0,0,0,0,4,28,8,0,0,5,17,17,6,6,0,0,0,6,0,0,0,13,0,1,0,9,7,0,0,49,9,12,4,0,11,1,0,0,5
0,2,0,4,0,0,19,0,3,3,0,4,1,3,11,2,0,0,0,3,3,0,0,0,0,0,13,0,0,0,0,0,0,2,3,7,2,0,0,0,2,3,0,2,0,4,8,16,0,6,10,0,0,17,0,0,28,23,5,0,4,0,0,17,17,0,0,0,8,52,16,0,12,2,13,0,8,11,0,0,0,0,23,0,0,4,0,0,15,67,15,0,0,16,26,2,0,0
0,21,0,4,4,0,6,0,0,3,0,0,2,0,0,0,0,0,0,10,0,0,0,0,4,0,0,0,0,0,0,0,0,0,0,22,0,0,0,2,14,1,0,1,0,2,6,2,9,1,12,0,0,5,0,0,0,0,31,0,0,0,16,0,9,0,0,0,9,4,0,0,0,0,14,0,0,0,0,0,5,0,5,0,12,8,0,0,0,72,2,0,0,0,3,0,18,0
0,2,0,5,4,0,2,0,7,7,1,0,0,0,0,0,0,0,0,20,0,0,0,6,0,0,0,2,0,5,0,2,0,0,0,5,0,0,0,0,14,0,0,2,0,0,5,15,4,7,10,0,18,30,0,0,0,0,11,5,5,4,0,0,6,0,6,0,2,26,0,0,0,25,0,0,0,0,0,0,27,0,0,0,6,4,0,0,0,0,0,0,0,0,1,0,25,0
0,0,0,3,0,0,0,0,2,4,5,0,0,5,3,1,0,6,0,10,0,10,0,2,0,0,2,0,0,0,0,3,0,0,0,10,2,0,0,12,0,0,0,0,3,0,4,5,23,7,6,0,23,0,0,2,0,2,0,28,0,17,186,0,0,0,20,0,5,52,15,0,4,1,33,0,0,6,0,0,0,0,0,0,0,11,0,8,0,51,0,0,0,0,3,0,0,0
0,0,0,0,0,0,10,0,2,4,0,0,7,0,10,0,14,0,0,0,0,0,0,0,35,0,0,0,0,0,0,6,37,0,2,0,0,0,0,10,0,0,0,0,0,0,6,0,0,39,10,0,0,17,0,0,0,10,3,0,9,0,23,0,0,0,0,4,0,38,3,0,24,0,0,13,4,0,0,0,11,0,0,0,0,4,5,17,0,0,0,4,0,0,0,0,0,0
0,6,0,0,0,0,0,14,0,1,0,0,6,0,2,0,13,22,1,0,0,0,0,0,0,0,0,0,11,0,0,0,16,0,2,0,0,0,0,0,0,5,2,0,0,0,13,0,4,0,6,22,0,1,0,0,0,20,3,0,7,0,0,8,0,0,0,12,0,23,0,8,10,0,0,5,0,0,0,0,0,0,17,0,0,5,0,0,0,0,0,0,0,0,7,0,46,3
0,2,11,8,0,0,4,23,4,6,0,5,0,0,0,0,12,29,13,8,0,2,0,0,0,30,2,0,0,5,16,0,4,0,0,0,2,0,0,0,0,0,1,0,0,0,5,0,0,2,11,0,0,0,0,0,0,4,0,0,0,0,0,0,0,0,2,0,0,17,4,0,0,0,96,1,0,0,0,0,7,0,13,0,0,2,13,27,22,0,0,9,0,0,3,0,1,16
0,0,8,2,0,0,4,0,2,1,0,3,0,6,0,0,17,0,9,0,0,7,0,0,2,24,0,81,0,6,2,1,11,0,0,23,0,0,5,0,0,0,0,0,7,0,18,0,0,36,9,0,0,0,0,0,0,35,25,11,17,0,0,0,0,3,12,15,13,4,9,0,14,0,8,0,2,11,0,0,0,0,0,0,0,0,15,9,185,0,0,0,45,0,5,4,0,9
0,2,0,6,0,0,0,0,0,0,0,2,0,1,9,0,2,0,10,2,0,6,0,0,0,32,0,67,0,0,0,6,0,0,2,6,0,0,27,0,0,0,0,0,14,4,0,0,0,13,1,0,29,2,0,8,0,27,0,29,3,6,0,0,22,0,14,7,9,0,30,0,5,13,0,0,0,0,8,0,0,0,0,0,0,4,0,0,24,0,0,0,60,6,2,0,38,0
0,3,0,6,9,0,0,0,3,0,0,14,0,0,2,0,0,0,10,0,0,0,0,0,0,12,0,0,0,0,2,1,0,0,0,12,0,0,19,0,0,6,6,11,25,0,0,24,3,2,6,0,3,6,23,12,0,18,0,0,6,1,8,0,5,0,1,4,0,24,114,0,32,45,9,10,0,15,7,0,0,2,0,0,0,0,0,0,3,12,11,0,5,38,0,0,68,6
0,2,0,0,4,0,15,0,6,2,0,10,3,23,0,0,8,0,3,0,0,8,2,6,0,31,0,0,0,0,0,1,0,0,0,13,0,0,1,0,0,0,8,0,1,4,0,21,0,20,6,0,0,2,2,48,1,16,0,3,0,0,8,0,4,0,6,6,0,32,85,0,0,0,0,0,3,72,0,3,0,0,0,0,0,5,0,0,0,0,25,0,0,0,13,0,9,0
0,0,5,11,6,0,11,25,0,0,0,0,0,4,11,0,16,10,2,0,0,0,0,0,0,13,0,0,9,0,0,3,0,0,0,0,0,0,0,2,2,0,0,0,12,0,4,22,9,12,6,2,0,10,4,0,2,12,26,0,14,0,5,9,0,6,0,45,7,14,34,0,17,0,0,0,0,0,0,8,0,22,0,0,2,0,0,46,16,0,21,0,0,0,9,2,1,16
0,0,6,3,0,0,5,1,3,1,0,0,4,7,6,0,16,25,2,0,0,15,8,0,0,21,0,0,0,9,0,2,0,0,0,5,0,2,0,0,0,0,12,3,0,8,16,6,0,3,11,28,0,6,0,0,43,34,3,59,1,0,29,2,0,9,4,0,6,3,0,0,7,0,26,0,5,0,11,5,2,12,0,0,0,2,0,0,45,27,0,3,4,0,8,0,52,43
0,0,3,4,0,3,2,0,4,132,4,0,5,0,3,0,0,0,0,0,0,8,0,0,0,20,0,0,9,4,0,2,0,6,0,22,0,2,12,0,4,0,0,0,0,15,3,0,3,18,4,29,0,0,0,0,1,10,7,19,19,4,3,0,11,23,19,0,2,2,0,0,0,8,4,0,0,1,7,0,0,0,0,0,0,4,6,9,4,26,12,9,13,0,1,0,0,2
0,6,0,6,2,0,9,0,0,14,0,0,26,0,0,0,4,0,0,2,0,0,2,0,0,0,4,0,4,6,0,1,0,2,0,1,0,2,9,0,6,0,0,0,0,2,0,0,23,0,4,2,0,6,0,0,3,10,9,0,0,9,0,0,34,10,2,1,4,2,0,17,12,29,20,0,2,28,0,0,0,0,0,0,0,0,44,9,0,0,0,4,38,14,5,3,0,5
0,0,2,0,2,0,0,19,2,7,2,0,0,4,0,0,0,0,0,2,0,0,0,0,4,0,0,2,0,0,0,5,0,1,7,0,0,0,20,0,0,8,0,0,12,7,1,0,17,55,6,0,10,13,0,34,11,0,2,0,13,6,0,0,35,34,0,10,0,17,3,0,0,31,3,0,2,25,0,0,9,7,0,0,0,0,38,3,0,47,0,0,2,19,10,11,34,0
0,7,0,4,13,0,11,26,0,3,0,2,0,0,0,0,0,23,0,2,2,0,0,0,0,2,5,0,0,0,4,2,0,0,0,0,0,5,0,0,0,9,0,0,10,3,4,0,8,15,6,1,33,15,0,32,0,25,5,28,6,4,0,12,1,7,8,0,0,39,2,0,0,0,12,6,0,0,6,8,0,28,0,0,0,2,1,0,0,91,16,0,2,16,0,0,37,14
0,0,0,4,0,0,11,2,0,0,0,0,0,0,0,2,0,11,5,0,0,2,0,0,0,0,3,0,0,0,0,7,2,0,0,3,0,0,13,0,0,0,8,12,1,17,4,12,13,0,5,0,0,5,8,60,0,6,0,0,0,0,0,0,0,0,3,0,0,0,76,0,29,0,9,1,2,0,4,2,3,11,0,0,3,10,0,0,22,19,17,0,14,0,7,0,49,24
3,5,2,25,0,0,0,0,2,3,0,0,0,0,0,5,11,21,17,0,0,0,0,0,0,25,0,0,0,17,27,5,0,0,0,42,0,0,13,6,12,0,0,7,0,2,0,16,2,0,6,25,6,7,2,17,0,0,15,0,4,0,28,3,6,0,3,0,4,5,34,0,0,0,0,0,0,3,0,0,3,0,2,0,0,2,0,39,0,5,28,0,0,0,12,0,15,0
1,0,11,0,0,7,0,0,2,0,11,0,0,15,0,2,13,0,9,3,0,1,0,2,2,30,2,0,21,10,4,0,3,0,0,3,0,0,3,2,0,0,0,0,0,12,8,12,7,52,2,18,21,0,0,2,7,5,0,25,5,0,0,0,18,0,8,40,0,5,47,0,0,19,0,17,18,0,0,0,0,8,12,0,0,9,0,40,0,0,0,0,0,7,25,2,46,0
0,0,0,14,0,0,0,0,1,0,3,0,0,8,0,18,0,2,0,2,0,0,1,6,0,28,0,0,0,4,0,5,0,0,0,8,0,0,0,0,4,11,0,0,13,3,2,2,3,49,4,0,0,6,0,0,0,0,2,0,0,8,0,7,26,16,0,18,0,3,20,0,20,18,8,0,0,0,0,0,9,7,0,0,0,2,21,0,4,0,0,0,0,2,0,0,0,6
1,5,0,5,2,0,0,32,4,8,2,0,0,0,0,7,0,0,0,0,0,0,35,0,2,23,0,2,0,0,0,3,2,0,7,0,0,0,0,0,0,3,2,0,3,8,0,35,5,0,11,0,0,4,0,0,0,0,0,0,22,14,0,16,24,10,0,0,2,5,0,3,6,14,8,0,0,7,0,10,0,9,0,0,0,0,27,0,4,0,2,11,2,0,2,0,2,0
12,1,8,5,19,0,0,3,2,4,2,0,0,0,3,0,0,4,0,0,0,25,0,6,0,46,0,57,33,0,0,8,0,0,11,16,3,1,1,0,0,0,2,0,4,4,0,22,2,2,2,15,0,11,0,0,0,7,0,70,0,7,10,0,0,25,0,0,0,37,4,0,0,0,25,0,11,22,0,7,0,0,0,0,8,13,28,31,0,18,0,3,50,0,19,0,0,0
0,1,12,10,0,12,4,0,0,18,0,35,0,0,16,0,24,9,4,2,0,0,0,0,0,17,2,20,0,0,0,3,0,10,0,8,5,24,6,2,0,0,0,0,0,0,0,8,2,89,4,22,15,4,0,34,2,22,20,21,8,0,0,0,16,33,19,2,0,23,4,0,0,0,14,5,0,6,0,23,27,4,0,0,0,23,0,21,0,8,0,8,34,0,0,0,18,22
5,7,4,3,0,5,3,0,4,0,1,17,0,0,23,0,10,0,9,5,0,0,2,0,2,35,2,0,0,5,0,2,0,0,0,6,9,20,0,5,4,0,13,0,0,0,0,1,0,22,7,6,7,26,0,18,0,13,2,22,2,0,0,0,26,16,0,0,5,0,0,0,0,0,25,11,2,33,0,2,0,0,2,0,0,7,1,33,23,0,16,0,2,24,0,2,32,0
2,2,0,9,0,10,0,8,2,8,7,0,1,0,12,0,0,35,6,0,0,0,0,0,0,69,0,0,4,11,4,8,3,0,0,11,2,8,4,10,0,0,2,4,2,7,4,2,0,57,4,0,0,2,0,6,1,25,0,0,0,2,11,2,3,64,0,0,27,0,3,0,43,0,4,0,2,9,0,4,9,0,0,0,5,0,0,27,0,44,19,0,0,27,16,3,3,0
0,0,0,7,7,0,7,22,0,9,2,0,3,20,12,3,0,0,0,15,0,0,0,0,0,42,0,0,18,0,0,6,0,0,0,0,0,27,1,0,0,7,0,3,2,0,0,0,0,16,4,0,0,13,0,0,0,7,0,4,0,0,0,11,0,14,13,16,19,37,0,26,7,36,7,0,0,22,0,4,2,0,1,0,0,2,3,0,13,80,14,0,0,1,6,0,30,5
17,0,5,16,5,0,0,20,2,9,3,0,0,14,9,14,0,0,6,3,5,5,0,4,4,18,0,0,0,0,0,3,0,0,10,12,0,0,4,12,0,5,0,0,5,0,0,0,7,0,15,0,7,25,4,10,18,2,0,0,6,5,0,12,27,21,13,10,0,24,47,0,2,17,4,0,2,2,2,2,0,19,0,0,3,0,0,0,41,5,0,0,29,0,0,0,78,24
0,0,12,4,0,0,1,9,8,9,28,2,0,21,14,1,0,28,16,8,0,0,2,0,4,33,6,0,4,0,0,5,0,4,1,10,0,0,4,7,0,0,0,0,14,0,0,0,0,38,1,0,0,13,4,23,0,0,0,0,0,8,0,2,12,13,6,10,0,50,60,2,0,0,13,0,9,15,0,3,11,16,0,0,0,21,0,0,13,24,26,0,22,3,23,3,1,40
1,4,7,4,16,0,0,0,4,21,12,0,0,2,21,0,12,26,20,2,0,21,0,0,2,32,2,0,8,0,0,10,8,0,0,0,0,0,8,0,0,0,3,0,27,6,2,0,4,73,11,48,0,12,0,19,0,2,0,73,4,5,0,0,14,0,3,0,0,15,94,0,0,0,10,6,45,20,0,5,0,13,10,0,0,4,44,31,14,1,0,2,33,30,1,3,11,0
0,4,3,3,10,4,1,0,2,23,8,11,0,0,38,14,9,0,12,0,0,4,2,2,2,48,5,0,0,0,2,2,23,2,10,0,11,0,13,3,4,0,7,18,14,0,2,2,15,30,0,18,21,23,0,2,0,21,0,6,13,22,22,0,0,41,8,0,0,44,32,0,0,0,22,2,5,8,0,4,0,2,0,0,0,5,34,41,42,3,2,0,10,0,0,0,40,1
0,4,0,12,33,2,0,34,2,1,0,6,0,2,0,18,9,0,11,0,2,2,0,3,10,48,0,12,0,6,6,5,87,0,12,38,0,2,18,19,7,1,0,18,15,0,0,25,4,0,5,33,36,13,0,0,2,9,0,7,5,5,8,0,0,36,8,0,10,0,2,0,29,23,26,0,2,0,0,0,0,32,0,0,1,8,12,20,0,0,32,0,43,0,31,36,63,7
0,0,4,5,0,0,0,31,26,0,10,3,0,16,0,0,23,2,2,0,0,2,0,0,76,39,2,0,0,2,0,0,5,0,0,47,0,0,0,11,4,8,0,22,25,4,0,1,0,46,3,30,8,9,0,34,2,36,23,15,0,0,0,6,0,0,4,15,21,32,3,4,20,56,21,0,0,22,0,5,1,21,4,0,1,0,12,0,6,5,11,14,33,0,2,0,36,0
3,2,16,4,2,0,0,0,10,0,23,0,0,10,0,19,11,0,9,0,4,20,0,2,22,23,3,46,2,11,0,0,59,5,0,0,0,26,0,0,0,0,2,0,15,0,0,15,3,0,2,76,0,15,11,19,8,21,0,7,8,0,0,0,0,18,0,30,15,50,2,0,14,0,3,0,15,0,8,6,11,19,0,0,0,2,2,23,7,79,15,10,26,7,0,2,47,10
2,0,9,15,2,0,1,0,13,2,0,18,0,0,0,32,11,0,12,0,9,0,0,0,25,47,2,33,6,0,5,3,12,3,0,2,0,49,15,0,21,2,0,2,7,0,0,27,0,29,22,12,0,28,16,49,2,36,5,0,11,0,16,6,5,20,0,36,6,49,0,0,18,0,19,1,28,50,0,29,30,26,2,0,37,2,0,25,44,8,21,19,39,36,11,0,11,0
0,0,5,2,12,0,0,29,0,0,2,4,0,6,0,1,29,5,13,0,0,8,2,0,4,33,6,3,3,5,0,1,4,5,3,36,0,16,28,9,43,8,3,22,5,27,0,23,0,34,15,20,39,14,0,18,5,20,0,27,5,26,13,15,28,34,3,0,0,39,52,0,34,15,23,6,0,11,0,13,1,23,0,0,0,0,0,52,53,1,10,0,9,0,25,5,0,0
7,9,11,4,0,2,10,0,0,6,3,5,0,39,0,2,18,47,8,0,14,0,7,1,0,34,18,23,4,12,0,4,23,12,12,11,2,17,13,11,20,2,3,20,7,10,4,16,6,68,12,17,4,7,2,6,11,14,2,41,14,12,0,0,21,52,4,2,0,17,100,11,13,83,11,0,0,20,5,21,0,14,4,0,0,9,11,69,28,0,8,0,68,0,17,1,8,47
0,3,16,1,0,0,0,0,4,26,18,10,2,5,0,0,31,0,19,0,2,6,1,2,2,26,10,53,15,0,2,3,2,0,9,2,4,23,20,0,0,2,0,0,11,2,2,11,9,50,17,44,32,22,0,38,25,14,11,0,4,0,0,0,0,15,9,14,0,0,68,0,4,38,12,0,4,34,11,7,0,29,0,13,3,2,23,27,0,42,0,0,10,36,1,3,32,0
0,0,7,24,0,0,0,0,0,19,4,20,3,17,0,12,23,0,9,0,0,5,0,0,0,35,11,44,3,0,0,3,0,5,0,17,7,2,0,8,19,0,2,28,2,3,0,24,0,34,24,24,27,58,0,46,0,17,0,0,8,4,0,2,5,35,0,64,0,26,179,2,0,0,40,7,10,6,0,29,0,17,2,0,0,5,23,37,39,13,15,3,5,26,33,0,20,0
1,0,14,6,0,3,0,19,13,2,10,13,13,0,0,8,15,2,8,0,0,0,0,5,2,14,5,20,6,0,2,6,8,2,0,38,0,8,2,4,19,32,0,23,32,21,2,18,6,37,24,15,0,14,0,12,28,13,0,9,12,23,16,4,0,3,2,13,3,51,124,0,0,12,47,0,6,36,13,16,10,41,6,44,26,9,9,40,9,0,23,9,24,2,30,0,49,0
0,0,7,2,4,4,0,1,0,49,19,12,11,0,0,9,16,26,22,0,0,0,0,1,2,19,14,0,0,0,0,18,0,0,6,2,9,27,1,5,38,0,11,37,11,12,2,22,16,43,6,6,6,29,4,32,7,8,10,58,9,12,35,29,0,20,0,0,17,31,0,2,20,30,32,6,2,26,6,20,0,11,18,12,28,6,10,37,83,89,12,19,19,0,18,9,4,12
3,2,16,6,0,2,0,0,14,16,1,8,7,3,0,27,12,0,0,0,13,0,0,2,37,23,4,3,0,0,0,1,0,3,9,16,4,28,22,4,13,0,0,21,10,7,21,24,6,16,5,55,42,40,0,24,28,10,0,37,3,0,0,0,7,20,2,20,11,0,0,0,15,64,10,0,0,10,2,16,8,20,40,15,36,19,15,14,66,71,19,0,9,11,18,18,46,14
0,0,2,4,0,0,12,8,8,0,8,7,11,3,0,32,15,0,16,0,0,0,0,6,0,5,10,0,9,4,2,3,0,9,0,1,33,0,8,7,15,0,4,15,16,18,12,20,0,52,11,27,9,6,0,4,0,13,3,0,5,8,8,11,36,27,13,5,0,0,0,8,6,12,17,5,8,0,5,25,5,19,0,38,0,14,10,0,132,37,21,4,20,3,11,29,27,2
0,0,15,8,0,0,0,0,8,6,5,15,17,13,0,33,25,8,8,0,0,0,0,3,0,18,0,6,8,2,0,22,2,0,0,11,1,18,20,29,20,22,15,17,2,13,0,8,22,39,0,14,10,17,0,10,14,19,25,23,7,0,0,0,21,37,4,13,0,5,59,11,19,44,88,9,0,23,0,31,11,15,28,38,2,14,0,0,64,0,12,11,40,0,7,5,41,0
0,0,7,5,0,3,0,0,0,0,18,0,14,7,0,41,3,43,0,0,0,0,0,2,2,26,2,0,0,4,6,0,0,0,4,5,3,27,1,0,19,0,0,4,0,4,24,8,4,58,0,1,6,5,0,0,4,21,4,0,0,2,0,0,6,0,22,2,0,37,160,0,14,16,43,16,9,18,0,0,0,43,11,13,77,7,0,13,32,51,13,6,13,0,16,0,0,0
0,0,2,9,0,0,0,0,0,2,0,0,1,0,0,29,28,18,0,0,0,0,0,0,0,13,16,0,3,0,0,1,0,0,2,9,6,2,0,5,12,8,0,2,2,7,4,49,0,22,0,19,2,11,0,2,2,27,0,13,5,0,6,9,6,0,0,0,23,15,23,0,13,23,15,0,0,0,6,0,0,15,0,34,26,7,0,52,7,105,18,7,3,2,2,0,22,23
0,2,0,2,0,0,0,0,18,0,20,0,1,0,0,4,13,0,0,0,13,0,0,2,2,11,6,0,1,3,2,4,0,0,16,0,4,0,6,9,8,0,0,31,12,16,10,8,15,3,0,0,2,30,1,0,2,5,3,11,9,0,30,0,0,0,0,8,2,21,7,11,8,0,11,2,0,0,0,9,0,14,0,18,0,1,14,0,61,99,25,2,0,26,16,0,92,18
2,0,0,6,0,0,0,0,12,21,16,0,19,0,0,0,20,0,0,0,0,8,0,8,31,15,24,0,0,9,0,0,0,0,0,16,4,0,0,6,6,2,0,0,0,8,10,20,17,1,0,0,0,44,1,0,0,58,22,19,13,0,0,0,0,0,0,18,10,33,1,44,18,0,25,0,0,0,0,10,2,2,4,0,17,16,0,1,52,52,0,0,0,0,11,2,118,0
0,0,0,11,0,0,0,0,2,0,0,0,3,0,0,0,20,2,0,0,0,0,0,4,0,0,0,0,0,8,2,0,3,0,0,5,0,0,0,7,3,0,0,5,0,23,3,12,0,0,0,20,4,7,0,0,2,5,4,0,5,11,0,0,0,3,0,0,0,20,0,8,15,0,5,4,0,5,0,0,2,0,0,7,14,1,0,3,0,66,23,8,0,0,10,0,8,0
1,1,0,2,0,1,0,0,0,0,4,0,7,12,0,3,62,4,0,0,0,0,0,0,1,0,5,0,0,0,0,5,0,0,0,5,1,0,0,7,17,0,0,0,6,13,11,17,0,0,0,4,15,12,0,0,0,0,12,11,4,2,2,4,14,0,0,0,0,32,0,0,20,3,4,2,2,18,0,0,0,3,2,15,0,10,0,0,0,0,3,5,0,7,4,10,0,0
2,4,0,8,0,0,0,13,0,0,8,0,12,0,0,0,0,0,0,0,0,0,0,4,3,0,5,0,2,0,0,2,0,0,0,14,1,0,0,2,0,0,0,0,2,3,35,20,0,0,0,0,1,43,0,0,6,3,18,0,4,0,19,16,13,0,6,0,0,0,34,0,6,0,0,0,0,0,0,0,0,0,0,29,0,2,0,0,5,33,0,0,0,0,7,0,0,0
0,0,0,13,0,0,0,5,2,35,0,0,0,0,0,0,0,0,0,0,0,2,0,3,2,0,0,0,5,0,0,5,0,0,0,0,0,0,0,10,0,0,0,0,0,6,7,0,2,0,0,0,0,0,6,0,0,0,0,0,3,0,0,0,3,0,13,2,10,4,45,4,24,0,0,2,0,0,0,0,0,0,0,2,2,10,25,0,8,5,0,0,2,3,1,0,34,8
0,0,0,1,0,0,0,0,0,2,0,0,0,3,0,0,2,23,0,0,0,0,0,1,3,0,0,0,0,0,0,4,0,0,0,5,2,0,0,16,0,0,0,0,0,2,4,0,2,0,0,0,0,20,2,14,0,0,0,0,8,0,0,0,0,0,0,0,2,31,53,13,12,0,0,2,6,0,0,0,0,0,9,4,0,18,2,0,5,0,0,0,4,0,3,3,0,4
0,0,12,4,0,9,0,0,0,3,4,0,0,0,0,0,14,8,0,0,0,2,0,0,2,0,0,0,6,0,0,11,0,0,0,0,0,0,0,2,0,0,0,0,0,2,0,0,0,10,0,12,0,0,0,86,0,3,0,27,10,0,4,0,0,0,0,0,0,33,0,10,4,0,0,0,0,2,0,0,0,0,38,8,0,6,0,17,0,18,0,0,0,0,19,0,8,0
0,2,0,0,0,0,0,2,2,0,0,1,0,0,0,0,49,0,0,0,0,0,0,0,4,0,0,0,11,0,0,0,2,0,6,0,0,0,2,10,2,0,0,0,0,2,2,0,0,0,0,0,0,9,0,2,2,19,2,0,0,0,0,2,31,0,0,10,0,1,3,42,13,0,8,5,0,28,0,2,2,0,2,2,0,10,0,34,0,53,0,0,0,31,0,0,0,0
0,4,0,23,0,0,0,13,2,0,0,0,3,26,0,0,19,0,0,0,0,8,0,0,0,0,0,0,0,4,0,1,0,0,6,21,0,0,0,5,0,0,0,7,8,0,0,0,2,0,0,1,0,0,12,0,0,14,2,0,8,0,0,4,5,0,8,0,2,25,5,30,0,43,8,0,0,0,0,0,0,7,0,6,0,1,0,0,0,23,6,2,0,1,0,1,21,0
0,0,0,2,0,0,0,5,2,0,0,0,6,16,0,0,1,0,0,0,0,2,0,2,0,17,0,0,0,5,0,6,0,0,0,0,0,2,0,4,0,1,0,0,17,0,2,0,2,0,0,0,0,2,0,0,0,43,4,0,2,8,6,0,5,24,0,0,0,2,0,12,18,22,0,0,0,0,0,0,2,0,0,3,0,7,2,0,0,0,4,0,0,0,8,2,43,2
0,0,0,4,0,0,0,0,2,0,0,0,0,0,0,0,0,0,13,0,0,0,0,6,2,4,0,6,9,0,0,0,3,0,0,0,0,0,3,10,0,9,2,0,1,5,0,0,2,0,0,0,33,0,0,0,0,7,7,0,17,26,17,0,0,15,0,0,0,0,7,0,12,0,0,4,13,2,0,3,11,0,0,0,0,4,0,0,0,0,0,0,5,0,2,3,91,0
0,7,21,6,0,0,0,0,2,5,0,0,0,0,0,0,3,6,2,0,0,0,0,0,13,12,0,0,0,0,0,1,0,0,0,0,0,0,0,12,0,0,3,0,0,4,2,18,0,8,0,8,13,0,0,6,0,3,10,0,9,0,0,0,2,31,0,0,0,2,0,0,19,0,0,0,0,24,0,0,2,0,0,0,0,4,0,0,0,53,0,0,25,5,0,0,18,0
0,2,3,9,0,0,0,3,4,8,0,0,0,0,0,0,12,0,11,0,0,9,0,0,4,23,0,11,0,9,0,3,0,0,3,34,0,4,0,14,0,2,0,0,0,25,0,10,0,3,0,0,0,18,4,24,6,4,0,0,7,0,0,18,0,0,3,10,0,0,5,0,18,0,0,10,0,11,5,0,1,0,0,5,0,0,0,0,0,17,0,0,43,0,0,16,2,7
0,0,0,2,0,0,0,18,2,4,1,0,8,11,0,0,8,25,14,0,0,0,0,0,0,12,2,46,0,3,0,2,0,0,0,0,20,0,0,4,6,21,0,0,0,14,0,18,4,0,0,0,0,12,10,0,3,0,0,40,9,0,0,2,0,0,5,33,8,0,0,0,4,0,0,0,0,0,0,0,5,11,0,2,0,4,0,38,3,5,0,2,2,4,0,6,0,31
0,3,0,19,0,0,0,0,4,10,5,5,0,0,0,0,6,12,2,0,0,2,0,0,18,3,0,40,0,0,0,0,0,0,0,7,0,0,0,5,4,0,0,20,6,20,0,19,0,4,0,3,0,18,0,3,0,11,0,21,12,0,0,0,2,0,11,5,9,15,0,19,7,0,35,17,6,0,2,10,0,2,4,6,0,6,25,56,8,14,0,10,0,30,21,3,0,0
0,2,0,32,0,13,0,0,0,0,0,0,11,0,0,22,56,0,0,0,0,0,0,0,9,0,0,0,34,4,0,0,0,0,0,0,4,3,1,2,0,0,0,0,17,0,2,6,0,0,0,67,0,29,0,0,4,35,0,16,6,0,0,0,14,0,5,0,0,20,0,27,18,5,10,1,0,0,0,9,0,3,0,2,0,10,29,72,0,0,0,0,0,0,14,5,25,0
0,3,2,2,0,0,0,0,2,2,0,0,0,13,0,9,3,0,0,0,0,0,0,4,7,0,0,0,3,6,4,0,0,0,0,4,0,0,16,2,3,0,7,0,1,0,2,2,0,0,0,0,0,3,0,0,2,23,0,21,8,11,0,0,14,39,0,0,12,0,38,9,32,28,23,0,0,0,0,13,3,8,0,2,0,15,8,0,0,2,19,2,0,5,7,0,38,11
0,0,0,3,0,0,0,0,4,10,9,0,0,6,0,4,5,0,4,0,0,0,0,6,4,31,0,0,8,0,0,0,4,0,0,24,0,0,15,11,0,5,0,0,0,0,2,0,0,15,0,1,37,11,0,11,0,6,0,4,17,0,0,2,0,32,3,0,10,10,98,18,19,0,3,5,18,9,4,0,18,11,0,0,0,0,6,2,30,0,2,0,3,19,2,0,29,0
11,2,0,49,0,0,0,10,4,2,3,10,5,0,0,0,21,6,0,0,0,1,0,2,7,0,0,0,4,0,0,0,0,0,0,1,0,0,0,3,0,0,0,17,0,0,2,0,2,21,0,1,18,4,0,46,0,1,0,0,1,2,0,10,25,40,6,0,0,5,0,0,0,0,9,4,3,0,16,0,0,17,0,14,0,5,0,7,13,31,0,0,35,2,8,0,8,0
8,0,0,16,0,0,0,14,0,0,0,0,3,0,0,0,8,3,0,0,0,0,0,2,0,0,0,0,29,0,0,0,0,0,2,27,0,0,0,0,0,3,0,39,0,0,3,3,4,0,0,4,0,6,3,6,15,0,0,0,14,0,0,0,17,12,0,0,6,0,2,0,8,0,0,2,0,2,0,6,0,0,0,2,0,25,6,20,3,17,2,2,2,0,0,0,0,57
3,11,0,36,0,0,0,0,2,15,0,0,0,0,0,0,6,28,1,0,0,0,0,2,0,10,0,0,0,2,0,0,0,0,0,0,0,0,5,7,0,0,0,0,2,0,0,29,1,16,0,0,11,17,0,0,0,0,0,0,2,0,17,0,0,0,0,22,0,32,0,0,9,0,0,0,0,0,0,5,0,0,0,2,0,12,18,9,29,3,6,8,0,0,18,6,39,5
0,0,2,6,0,0,0,0,0,0,13,0,0,8,0,0,2,0,6,0,0,6,0,4,0,19,0,0,0,0,0,0,0,0,2,15,2,0,12,0,27,0,0,0,0,0,0,16,4,11,0,2,2,21,0,0,3,16,0,0,1,0,19,0,13,0,11,0,0,0,13,0,18,0,13,0,0,3,0,7,2,0,0,0,0,9,8,0,1,0,20,5,2,27,0,14,43,0
0,11,0,2,0,0,0,26,2,16,3,0,0,5,0,4,0,0,7,0,0,6,0,6,0,15,0,0,10,0,2,0,0,0,14,0,1,10,5,12,0,0,3,0,0,0,2,20,0,4,0,0,0,11,0,0,21,18,0,3,11,0,0,0,0,0,7,0,20,13,0,13,7,17,50,0,0,16,0,2,3,0,4,0,2,4,0,0,0,0,6,6,0,0,13,0,1,0
0,0,0,4,0,0,0,18,2,6,5,0,0,19,0,9,9,0,4,0,2,2,0,8,0,17,0,0,4,0,0,0,0,0,17,0,1,0,0,3,2,0,0,0,4,0,0,9,0,0,0,4,0,24,0,0,2,0,0,0,2,0,3,11,0,0,2,10,2,28,0,32,9,35,0,0,6,1,0,2,5,2,0,0,22,4,7,0,0,0,12,0,15,0,16,0,0,0
0,13,0,6,0,0,0,4,2,13,5,0,0,0,0,2,2,12,0,0,0,0,0,12,0,15,0,0,17,5,0,0,0,0,0,2,0,0,0,1,0,20,2,0,16,0,6,15,6,0,0,0,0,15,0,21,0,0,0,5,8,11,35,4,0,0,0,32,2,0,5,32,8,0,0,0,0,17,1,0,0,32,0,2,2,0,11,0,16,0,15,0,12,0,16,2,28,4
1,4,0,2,0,0,0,0,2,0,0,0,0,0,0,0,17,0,8,0,0,1,0,13,0,22,0,0,0,14,0,0,0,0,0,26,0,0,0,5,18,0,0,0,9,0,0,0,2,2,0,12,44,30,8,8,0,0,0,0,7,5,0,0,13,0,8,0,8,0,0,8,5,0,5,11,0,20,2,0,0,5,0,6,0,15,0,0,12,38,5,0,29,0,0,0,24,49
